user_id,channel,account_age_days,history_status,cohort_age_band,cohort_txn_band,baseline_avg_amount,baseline_hour_mode,baseline_recipient_count
U100000,app,469,established,established,small,1542.79080781191,10,3
U100001,app,86,established,1-3mo,medium,15514.550453311667,9,3
U100002,app,471,established,established,medium,7423.544589366054,9,3
U100003,ussd,236,established,established,medium,10144.836813867327,10,4
U100004,ussd,385,established,established,small,1309.633316248817,9,3
U100005,app,894,established,established,medium,11316.34192802866,14,1
U100006,app,430,established,established,small,3025.7789533287846,12,3
U100007,ussd,556,established,established,large,45609.72889188258,19,4
U100008,app,341,established,established,medium,5379.2318322584715,17,4
U100009,ussd,714,established,established,small,3887.568050244214,14,7
U100010,ussd,230,established,established,medium,6133.754089303656,12,5
U100011,app,763,established,established,small,3152.5063380478355,19,6
U100012,app,146,established,established,medium,5055.672245287348,17,2
U100013,app,72,established,1-3mo,small,919.0611013741382,10,1
U100014,app,174,established,established,small,967.4688110457068,17,2
U100015,app,747,established,established,medium,8431.188172540464,19,5
U100016,ussd,564,established,established,small,4327.200238796044,12,3
U100017,app,716,established,established,medium,10337.271026451292,21,3
U100018,ussd,893,established,established,small,3601.7382312080167,12,11
U100019,ussd,9,cold_start,new,small,4994.167244360686,19,6
U100020,app,540,established,established,small,4158.751506647476,9,3
U100021,app,75,established,1-3mo,medium,6019.718668119176,10,5
U100022,app,10,cold_start,new,small,942.269315429933,12,3
U100023,ussd,567,established,established,small,4491.277380222625,21,3
U100024,app,872,established,established,small,1204.628936235231,9,5
U100025,ussd,701,established,established,small,500.0,19,4
U100026,ussd,798,established,established,medium,19093.96270856466,21,3
U100027,ussd,479,established,established,small,1453.9772283094283,19,3
U100028,ussd,653,established,established,medium,6058.432005995602,9,2
U100029,ussd,131,established,established,small,4251.655635203412,19,5
U100030,ussd,789,established,established,small,1408.74445482597,12,3
U100031,ussd,874,established,established,medium,8230.033063085491,10,2
U100032,ussd,687,established,established,medium,5333.875734655681,12,6
U100033,ussd,793,established,established,medium,6964.272644196023,10,5
U100034,ussd,8,cold_start,new,medium,8952.61507881134,10,5
U100035,app,852,established,established,medium,18783.491156587243,14,4
U100036,ussd,480,established,established,small,2433.5740152738726,12,7
U100037,ussd,4,cold_start,new,small,2620.761553291399,12,2
U100038,ussd,705,established,established,medium,17610.72725909684,12,6
U100039,app,125,established,established,small,3118.3912293559542,17,2
U100040,ussd,478,established,established,small,1038.9373209037512,12,2
U100041,ussd,86,established,1-3mo,medium,7292.2300461434015,10,1
U100042,ussd,419,established,established,medium,22422.31292834014,21,3
U100043,app,266,established,established,medium,5707.208906261265,17,6
U100044,ussd,122,established,established,small,3582.714287723681,21,8
U100045,ussd,745,established,established,medium,7185.969612749572,14,8
U100046,ussd,496,established,established,small,3830.067184498341,21,5
U100047,ussd,307,established,established,small,1089.357969705308,10,2
U100048,ussd,570,established,established,medium,5541.480195938925,12,1
U100049,ussd,6,cold_start,new,small,2928.6696561154663,19,6
U100050,app,833,established,established,medium,7455.103487826435,14,2
U100051,ussd,223,established,established,medium,11479.250680947005,17,2
U100052,app,169,established,established,large,31028.639365310097,10,7
U100053,ussd,776,established,established,medium,8061.075270748028,9,2
U100054,ussd,283,established,established,small,2395.5632041462095,17,3
U100055,app,246,established,established,small,4255.33184686859,14,8
U100056,app,346,established,established,medium,10949.401242606986,19,3
U100057,app,11,cold_start,new,medium,8173.195491849459,19,4
U100058,ussd,579,established,established,medium,9920.611707157992,19,2
U100059,ussd,358,established,established,medium,7974.540832917548,17,2
U100060,app,676,established,established,medium,6508.470632181462,17,5
U100061,ussd,182,established,established,small,1371.5499638326144,17,3
U100062,app,4,cold_start,new,medium,16555.575218500235,12,1
U100063,ussd,498,established,established,small,2244.5390632877316,14,1
U100064,app,253,established,established,medium,15811.174554967307,17,2
U100065,app,6,cold_start,new,small,2850.0193260962287,12,3
U100066,app,397,established,established,small,1215.8667332902298,14,5
U100067,ussd,575,established,established,small,1483.7690824852098,19,2
U100068,app,686,established,established,medium,5923.399700985417,14,2
U100069,ussd,243,established,established,medium,6835.623202950181,10,2
U100070,app,479,established,established,medium,9537.989423735493,12,2
U100071,app,273,established,established,small,1162.3620201980964,21,3
U100072,app,728,established,established,medium,14302.411008296887,21,4
U100073,app,881,established,established,small,1946.3816058025104,9,5
U100074,ussd,716,established,established,small,2932.359643670791,17,3
U100075,app,316,established,established,medium,7884.401248687764,21,4
U100076,ussd,218,established,established,medium,14179.049964170577,12,8
U100077,app,652,established,established,small,1740.244729552018,14,3
U100078,app,421,established,established,small,2535.9490017982675,19,3
U100079,app,454,established,established,medium,29332.738096025743,9,3
U100080,app,9,cold_start,new,medium,12655.174105270444,9,5
U100081,ussd,893,established,established,small,500.0,9,6
U100082,ussd,733,established,established,small,2530.291114176364,10,3
U100083,app,487,established,established,small,2891.0175187219356,12,1
U100084,ussd,717,established,established,small,984.370081858259,21,1
U100085,ussd,623,established,established,small,4709.018246358916,17,4
U100086,ussd,805,established,established,medium,7815.04607589024,19,3
U100087,ussd,629,established,established,small,3741.066394398464,9,2
U100088,ussd,79,established,1-3mo,medium,7030.260421775083,19,2
U100089,ussd,520,established,established,small,2977.024719392861,9,4
U100090,ussd,4,cold_start,new,small,1960.3371933781557,9,3
U100091,app,4,cold_start,new,medium,11704.378495219631,21,4
U100092,ussd,118,established,established,medium,5286.333960210558,14,3
U100093,app,649,established,established,medium,5888.401884474646,21,8
U100094,ussd,182,established,established,medium,7496.056026461925,14,3
U100095,ussd,688,established,established,medium,5902.732654805157,19,12
U100096,app,682,established,established,medium,20194.749998215233,19,2
U100097,ussd,607,established,established,small,3011.8447282566945,17,2
U100098,ussd,166,established,established,small,1404.0457020595045,12,10
U100099,app,115,established,established,small,3799.2778340642853,17,6
U100100,ussd,176,established,established,medium,14498.849139563163,14,10
U100101,ussd,524,established,established,small,3981.6597664349506,21,2
U100102,ussd,310,established,established,medium,7253.413139441358,14,9
U100103,app,620,established,established,small,2515.778829553058,10,1
U100104,app,877,established,established,small,3986.704068399025,10,6
U100105,ussd,542,established,established,small,1580.158808219485,9,5
U100106,app,595,established,established,small,1379.904111519987,21,1
U100107,app,566,established,established,small,4746.296469876523,17,3
U100108,app,419,established,established,small,4178.321846276123,17,1
U100109,app,573,established,established,medium,7900.738998802036,10,7
U100110,ussd,442,established,established,medium,5883.118320803413,19,1
U100111,ussd,172,established,established,medium,12633.172090047501,10,4
U100112,ussd,362,established,established,small,2789.9884227899265,17,3
U100113,ussd,132,established,established,small,2386.437778085351,19,3
U100114,app,596,established,established,medium,8710.042384037431,12,5
U100115,app,134,established,established,medium,9282.061822189982,14,1
U100116,app,291,established,established,medium,5649.50257802502,10,5
U100117,app,146,established,established,small,1797.9868901454295,17,3
U100118,app,627,established,established,small,4946.250173580809,17,2
U100119,app,1,cold_start,new,small,1950.5406643642677,17,3
U100120,app,566,established,established,small,2945.8483725940114,9,2
U100121,app,659,established,established,medium,16363.481980669272,19,6
U100122,ussd,443,established,established,small,2672.774975595829,17,9
U100123,ussd,691,established,established,medium,9384.15597694839,12,2
U100124,ussd,852,established,established,large,54770.027368120944,12,5
U100125,ussd,256,established,established,small,4837.907814692454,17,5
U100126,ussd,857,established,established,small,1197.9211347707349,10,1
U100127,app,857,established,established,small,1253.1940699231614,10,2
U100128,ussd,725,established,established,small,2335.2612916362555,10,3
U100129,app,7,cold_start,new,small,4876.219680050609,10,2
U100130,app,773,established,established,small,2036.3850367597536,14,2
U100131,app,362,established,established,small,4493.015788569553,19,2
U100132,app,10,cold_start,new,small,2263.214760595234,12,2
U100133,app,527,established,established,medium,15143.457084855505,17,5
U100134,ussd,819,established,established,medium,6223.727748803637,9,8
U100135,ussd,436,established,established,medium,8851.047309236552,14,3
U100136,ussd,416,established,established,small,3465.037042156513,9,5
U100137,ussd,166,established,established,medium,7919.261822176319,17,2
U100138,ussd,629,established,established,small,948.4999182198012,12,1
U100139,app,110,established,established,medium,12889.670845189903,14,1
U100140,ussd,113,established,established,small,4869.355208771044,17,3
U100141,ussd,389,established,established,small,1897.7031033323512,17,3
U100142,app,4,cold_start,new,medium,5377.253876381172,17,2
U100143,app,734,established,established,small,3992.095541805071,19,3
U100144,ussd,809,established,established,small,1226.642578275034,14,1
U100145,ussd,124,established,established,medium,8771.181890835576,19,4
U100146,app,392,established,established,medium,11929.00988976058,12,1
U100147,ussd,6,cold_start,new,medium,13749.641494878879,9,2
U100148,app,642,established,established,small,4329.183887775957,17,1
U100149,app,494,established,established,small,4939.1146169596095,10,3
U100150,app,161,established,established,medium,11274.033223475519,17,3
U100151,app,108,established,established,medium,19678.245875194003,17,7
U100152,ussd,107,established,established,medium,12895.935404651993,12,3
U100153,app,872,established,established,small,4786.912793094889,12,3
U100154,ussd,12,cold_start,new,small,4730.9549612242445,9,5
U100155,app,492,established,established,medium,13381.85825031358,17,7
U100156,ussd,774,established,established,medium,28308.721327671577,10,4
U100157,ussd,385,established,established,medium,7514.278051932158,10,5
U100158,ussd,850,established,established,medium,22390.559997280892,14,3
U100159,ussd,415,established,established,small,1806.3479604177849,14,3
U100160,ussd,362,established,established,small,1776.7433752904049,12,5
U100161,ussd,642,established,established,medium,6139.954479385371,12,5
U100162,ussd,77,established,1-3mo,medium,14999.924965117441,14,3
U100163,ussd,514,established,established,small,2447.6692660311037,17,5
U100164,app,581,established,established,medium,15361.012158788804,14,4
U100165,app,781,established,established,small,4529.59241516982,10,6
U100166,app,473,established,established,medium,8276.574989217412,17,4
U100167,app,13,cold_start,new,medium,11627.417233716295,14,8
U100168,app,68,established,1-3mo,small,4079.8521712908773,17,3
U100169,app,6,cold_start,new,medium,8806.457492541234,19,1
U100170,ussd,13,cold_start,new,medium,16476.12202747808,19,1
U100171,app,221,established,established,small,4261.339593885286,14,2
U100172,ussd,446,established,established,small,1640.5401460460168,9,3
U100173,app,581,established,established,medium,11756.155931201305,9,6
U100174,ussd,114,established,established,small,4900.628035382563,12,3
U100175,app,694,established,established,medium,22684.36291643721,19,8
U100176,app,370,established,established,medium,11294.365380926543,12,3
U100177,app,463,established,established,medium,14249.147718009619,9,4
U100178,ussd,520,established,established,small,946.7763078229318,14,3
U100179,app,892,established,established,medium,6060.7788909546125,12,5
U100180,ussd,554,established,established,small,4589.595299981401,21,4
U100181,app,606,established,established,small,1470.0459471339218,9,1
U100182,ussd,813,established,established,medium,10997.628331471986,9,1
U100183,app,613,established,established,medium,5463.783942794786,14,4
U100184,ussd,742,established,established,small,1496.3535385973469,10,3
U100185,app,11,cold_start,new,small,1364.6333997242407,19,3
U100186,app,288,established,established,small,1392.774988175288,9,3
U100187,app,503,established,established,small,1044.4734453508352,14,2
U100188,app,663,established,established,small,1956.710150459712,10,4
U100189,app,666,established,established,small,1109.1402573503085,17,2
U100190,ussd,185,established,established,medium,5286.826905052366,9,4
U100191,app,414,established,established,small,2418.767190309535,17,5
U100192,app,348,established,established,small,2191.486525731684,12,10
U100193,ussd,6,cold_start,new,small,1917.6599345356979,9,3
U100194,app,313,established,established,medium,28718.782821218814,12,3
U100195,app,466,established,established,medium,12946.19915598196,19,3
U100196,ussd,66,established,1-3mo,small,3943.119907268013,14,2
U100197,ussd,668,established,established,small,1117.237807836948,21,2
U100198,ussd,345,established,established,small,2108.8545021353843,19,5
U100199,app,531,established,established,small,1231.452804701299,21,3
U100200,ussd,809,established,established,medium,9976.022683799121,21,1
U100201,app,244,established,established,small,1958.5917503647315,12,3
U100202,ussd,572,established,established,small,4234.714125249988,9,5
U100203,ussd,3,cold_start,new,small,2430.6319695674265,14,3
U100204,ussd,2,cold_start,new,small,3957.480082005574,17,3
U100205,app,470,established,established,small,4224.234156161713,10,3
U100206,app,1,cold_start,new,small,1928.7973128452197,17,6
U100207,ussd,276,established,established,medium,9429.543618428947,17,4
U100208,ussd,679,established,established,medium,21122.530067599793,14,3
U100209,ussd,291,established,established,small,1306.3032046937653,12,5
U100210,ussd,343,established,established,medium,10713.142025077968,12,4
U100211,ussd,814,established,established,small,1720.962086901672,12,3
U100212,app,8,cold_start,new,small,3025.005735636307,9,1
U100213,app,147,established,established,medium,8430.111614472375,19,10
U100214,app,217,established,established,medium,19647.259966634363,9,10
U100215,app,219,established,established,small,1698.1402666901972,10,5
U100216,app,420,established,established,medium,6695.842136659758,17,1
U100217,ussd,835,established,established,small,2488.6640567500585,17,3
U100218,ussd,108,established,established,small,1016.3730385353133,17,1
U100219,ussd,364,established,established,medium,5550.279649541095,21,3
U100220,app,740,established,established,medium,17022.22555866859,9,1
U100221,ussd,217,established,established,medium,5923.039781220178,19,5
U100222,ussd,620,established,established,small,2179.831823055117,17,3
U100223,ussd,96,established,established,small,1456.6192251048928,14,4
U100224,ussd,11,cold_start,new,small,2246.4729998945127,19,5
U100225,ussd,613,established,established,small,2388.3014668975766,17,1
U100226,ussd,3,cold_start,new,medium,14909.505586360841,21,4
U100227,app,808,established,established,small,1988.0100142760598,10,3
U100228,ussd,740,established,established,small,3301.6784771225234,19,2
U100229,app,9,cold_start,new,medium,7370.3503055335,17,6
U100230,app,413,established,established,small,4433.0755485153395,19,2
U100231,app,188,established,established,medium,10350.972402442098,10,2
U100232,ussd,693,established,established,small,3607.2899073786343,10,3
U100233,ussd,623,established,established,small,4084.0987425402886,19,4
U100234,ussd,6,cold_start,new,medium,6627.390858915203,9,2
U100235,app,751,established,established,small,3473.0736052054644,14,3
U100236,app,504,established,established,medium,10761.269792050849,12,3
U100237,ussd,10,cold_start,new,small,559.8947974265907,9,2
U100238,app,290,established,established,small,4242.877857736354,10,1
U100239,ussd,715,established,established,small,3187.0946972489664,17,1
U100240,app,615,established,established,small,4947.965108181608,19,3
U100241,ussd,453,established,established,small,1127.5822758295049,19,7
U100242,ussd,424,established,established,medium,14564.838758286576,9,5
U100243,ussd,593,established,established,small,594.3947402324155,17,3
U100244,app,858,established,established,medium,25949.398703547027,12,4
U100245,ussd,825,established,established,small,1393.9656498706222,19,3
U100246,ussd,508,established,established,medium,7314.150629091321,19,4
U100247,ussd,832,established,established,small,3818.010867820296,17,8
U100248,ussd,668,established,established,small,3383.505430854437,9,3
U100249,app,394,established,established,medium,8147.3489871849415,12,5
U100250,app,268,established,established,small,2378.810947585477,19,5
U100251,app,521,established,established,small,3055.506092108967,10,1
U100252,app,546,established,established,small,3891.0646883409654,9,2
U100253,ussd,768,established,established,medium,8980.21126367049,10,3
U100254,app,206,established,established,small,1691.000305764119,17,3
U100255,app,396,established,established,small,3905.5434851757823,14,3
U100256,app,11,cold_start,new,small,1425.1685436121563,14,2
U100257,app,13,cold_start,new,small,2042.8879176444093,19,8
U100258,app,251,established,established,small,4017.256011686958,19,3
U100259,ussd,724,established,established,small,893.3678899554408,21,2
U100260,app,215,established,established,small,4399.157567444352,17,3
U100261,ussd,66,established,1-3mo,large,35181.59146517041,14,4
U100262,app,477,established,established,small,2972.033237752538,19,9
U100263,app,594,established,established,small,4114.6961636941915,14,2
U100264,ussd,554,established,established,medium,5228.727727502624,12,1
U100265,app,67,established,1-3mo,small,3407.7991007485844,14,6
U100266,app,285,established,established,medium,9475.67910315999,14,3
U100267,ussd,893,established,established,medium,24725.590011610595,12,2
U100268,ussd,628,established,established,small,2466.7299706601343,19,4
U100269,ussd,7,cold_start,new,small,2686.7843468255487,14,2
U100270,app,531,established,established,medium,8587.092585633898,19,1
U100271,ussd,653,established,established,small,4086.9216029369463,9,5
U100272,ussd,717,established,established,small,3956.3931978757314,17,5
U100273,ussd,439,established,established,medium,12535.170457170812,14,13
U100274,app,411,established,established,small,3240.2304801894916,10,2
U100275,app,898,established,established,medium,6303.723513635567,21,3
U100276,app,655,established,established,medium,13531.03170730036,12,3
U100277,app,377,established,established,medium,8339.47823141552,19,3
U100278,ussd,477,established,established,small,3912.746478144856,12,3
U100279,app,210,established,established,medium,15397.334601394818,14,2
U100280,app,384,established,established,small,795.9225966787465,17,4
U100281,app,420,established,established,medium,6860.1341984525725,12,4
U100282,app,145,established,established,medium,13477.796365790427,14,8
U100283,app,891,established,established,small,4258.699700032543,9,2
U100284,app,838,established,established,small,4049.771180052582,14,6
U100285,app,789,established,established,medium,6298.1776527442635,17,3
U100286,ussd,252,established,established,small,1218.1244817297506,12,6
U100287,app,652,established,established,small,1716.1580988260187,9,6
U100288,ussd,605,established,established,medium,15498.535845296306,14,3
U100289,app,322,established,established,medium,19560.13506936457,12,5
U100290,app,11,cold_start,new,medium,7671.165359633586,10,4
U100291,app,257,established,established,medium,8446.853087823232,17,2
U100292,app,812,established,established,medium,10699.667737543934,17,7
U100293,app,234,established,established,medium,7748.90912211034,9,2
U100294,app,589,established,established,small,4386.5033706614695,21,5
U100295,ussd,852,established,established,medium,12690.484962012257,21,1
U100296,app,179,established,established,small,2520.53501395855,12,8
U100297,app,868,established,established,medium,6363.591278974578,9,4
U100298,ussd,244,established,established,small,3507.751462908092,9,5
U100299,app,860,established,established,medium,6101.8662149794745,21,5
U100300,app,773,established,established,medium,25730.645942485804,12,2
U100301,app,3,cold_start,new,small,3925.432419143357,12,3
U100302,app,668,established,established,medium,29367.3329799413,12,5
U100303,app,458,established,established,small,2851.2820388747155,21,2
U100304,ussd,889,established,established,medium,7926.583284502185,19,5
U100305,ussd,365,established,established,medium,13581.051943505536,10,1
U100306,ussd,645,established,established,medium,5780.89024874152,21,6
U100307,app,804,established,established,small,2131.8231566386075,12,5
U100308,app,545,established,established,medium,5828.514926591875,10,2
U100309,app,395,established,established,large,39664.320619433,17,2
U100310,app,211,established,established,small,1672.8343162016822,19,3
U100311,app,734,established,established,small,1836.4116273939271,19,1
U100312,app,738,established,established,small,4643.48268613278,17,8
U100313,app,3,cold_start,new,medium,6802.12731974672,14,4
U100314,app,704,established,established,medium,6726.752416748863,19,5
U100315,app,281,established,established,small,1477.725373332006,21,3
U100316,ussd,524,established,established,medium,12333.722983239524,19,3
U100317,app,11,cold_start,new,small,1048.5608011359257,10,3
U100318,ussd,792,established,established,small,1937.2590199222823,10,3
U100319,app,128,established,established,small,1574.982106337534,12,3
U100320,ussd,814,established,established,small,4316.841434127054,21,10
U100321,app,630,established,established,medium,9280.065181105361,17,2
U100322,app,10,cold_start,new,small,2896.6035250051364,17,2
U100323,app,856,established,established,small,3111.384822097678,19,4
U100324,app,191,established,established,small,2344.730590709144,17,2
U100325,ussd,261,established,established,medium,12547.391909087628,12,3
U100326,app,301,established,established,medium,8832.025665765163,12,4
U100327,app,816,established,established,large,31109.7583132139,21,5
U100328,ussd,131,established,established,small,4047.8844052552163,10,1
U100329,app,716,established,established,medium,7248.754261357304,14,2
U100330,ussd,136,established,established,small,3977.472182340209,17,1
U100331,ussd,490,established,established,small,4478.626674685718,10,11
U100332,app,10,cold_start,new,small,2391.4900320023385,10,5
U100333,app,2,cold_start,new,small,3511.325225016175,9,8
U100334,app,486,established,established,medium,11715.878835256155,17,4
U100335,ussd,328,established,established,small,3389.4916270876406,14,3
U100336,app,5,cold_start,new,medium,5302.070937508182,17,3
U100337,app,805,established,established,large,38054.191970973436,17,4
U100338,app,3,cold_start,new,small,859.5022104343764,10,5
U100339,ussd,126,established,established,medium,5119.261492544372,12,3
U100340,ussd,372,established,established,medium,21241.288386070286,9,5
U100341,ussd,626,established,established,small,589.9065774473379,9,7
U100342,ussd,695,established,established,medium,8599.122955972869,9,3
U100343,ussd,750,established,established,medium,26553.364263327283,10,4
U100344,app,633,established,established,medium,7983.402822242275,10,8
U100345,ussd,797,established,established,medium,8994.329261253033,10,2
U100346,ussd,5,cold_start,new,medium,7160.25509178102,21,2
U100347,app,112,established,established,medium,5049.870742142422,12,6
U100348,ussd,703,established,established,small,3258.450050752964,21,2
U100349,ussd,251,established,established,medium,8296.445696399545,14,13
U100350,app,889,established,established,medium,6089.861319805897,17,3
U100351,app,69,established,1-3mo,small,1390.714654924326,17,3
U100352,app,246,established,established,medium,9769.086673876376,10,4
U100353,ussd,218,established,established,medium,7094.038804488644,9,2
U100354,app,867,established,established,small,3454.244483015973,12,7
U100355,ussd,486,established,established,medium,7471.585798708108,12,3
U100356,app,493,established,established,small,2552.3720071353314,21,2
U100357,ussd,94,established,established,small,3024.7807808926673,14,4
U100358,app,150,established,established,small,4299.004951647932,12,3
U100359,ussd,204,established,established,medium,9978.379844116705,10,5
U100360,app,112,established,established,medium,7846.504132919723,17,2
U100361,app,357,established,established,small,2562.969318853051,10,4
U100362,app,201,established,established,small,1105.4622404362262,17,3
U100363,app,631,established,established,small,3811.033280831667,21,4
U100364,app,843,established,established,small,2485.3051938110593,12,3
U100365,ussd,106,established,established,small,3110.202922291292,21,1
U100366,ussd,379,established,established,large,35957.11713925537,9,3
U100367,ussd,304,established,established,small,3946.046687510487,9,4
U100368,ussd,89,established,1-3mo,medium,6595.656287089118,14,1
U100369,app,260,established,established,medium,17660.998086130672,12,3
U100370,ussd,296,established,established,small,4516.534813814997,17,2
U100371,ussd,335,established,established,small,1743.799183099047,10,2
U100372,app,814,established,established,small,3420.755313803677,17,3
U100373,ussd,676,established,established,small,1739.920381723556,19,4
U100374,app,379,established,established,medium,8719.994535675376,19,3
U100375,ussd,380,established,established,small,2138.500651370581,12,3
U100376,ussd,69,established,1-3mo,medium,6510.268367427123,9,3
U100377,ussd,883,established,established,small,636.6360844921561,14,3
U100378,app,728,established,established,medium,5598.602782407694,12,1
U100379,ussd,754,established,established,small,705.4208689126178,17,2
U100380,app,283,established,established,medium,13864.172069660075,10,6
U100381,ussd,79,established,1-3mo,small,3116.2748367548106,19,4
U100382,app,545,established,established,small,1059.573109683475,9,1
U100383,ussd,479,established,established,medium,11016.449198685328,19,2
U100384,ussd,721,established,established,medium,6620.444239360502,12,3
U100385,app,425,established,established,small,1797.8247854599294,17,4
U100386,app,867,established,established,small,1671.5769351738504,14,6
U100387,ussd,194,established,established,medium,16600.786278259682,19,1
U100388,app,499,established,established,small,2972.1540247021994,12,5
U100389,app,887,established,established,small,4372.782517863126,19,1
U100390,app,887,established,established,small,1604.836990274257,14,8
U100391,app,290,established,established,medium,9431.801577601647,9,5
U100392,ussd,894,established,established,small,4073.5123916843622,12,2
U100393,ussd,240,established,established,medium,6558.73648548389,19,3
U100394,app,557,established,established,small,2088.308721130221,12,2
U100395,app,626,established,established,small,1642.9863867939687,21,2
U100396,app,3,cold_start,new,small,3981.845272370669,14,3
U100397,app,298,established,established,small,1506.3846234151954,9,3
U100398,ussd,368,established,established,medium,18919.898735027404,12,4
U100399,app,503,established,established,medium,14087.7920791638,17,5
U100400,ussd,895,established,established,medium,6021.1869431383375,12,4
U100401,ussd,532,established,established,small,4433.434532096081,14,4
U100402,ussd,241,established,established,medium,5300.179214685448,12,4
U100403,ussd,346,established,established,small,2312.816056212546,12,8
U100404,app,227,established,established,small,2223.8517080661913,19,2
U100405,app,592,established,established,medium,13831.908395226383,14,6
U100406,app,127,established,established,small,624.4859072371925,9,7
U100407,ussd,320,established,established,large,31895.287139017084,9,2
U100408,ussd,692,established,established,medium,17538.024222388933,17,2
U100409,app,212,established,established,small,1219.0685739069029,9,2
U100410,app,117,established,established,small,3240.8367786394583,21,3
U100411,app,192,established,established,medium,6326.822341028253,19,14
U100412,ussd,351,established,established,medium,7726.257825955261,14,4
U100413,ussd,68,established,1-3mo,small,4423.854095333728,10,3
U100414,ussd,469,established,established,medium,6906.159806835583,9,9
U100415,ussd,419,established,established,small,4495.42600644087,17,2
U100416,app,709,established,established,small,4870.621048045022,17,5
U100417,ussd,471,established,established,small,3172.1131564801663,19,4
U100418,ussd,655,established,established,medium,5364.992985741141,10,2
U100419,app,869,established,established,medium,16112.937242482365,14,4
U100420,ussd,114,established,established,medium,18265.24152586422,19,3
U100421,app,620,established,established,small,3275.2316093431714,10,2
U100422,ussd,8,cold_start,new,small,1699.5051028878715,14,4
U100423,ussd,13,cold_start,new,medium,7368.814411467518,14,13
U100424,ussd,218,established,established,medium,23799.92237679279,10,4
U100425,ussd,506,established,established,medium,14403.452568846978,17,4
U100426,app,247,established,established,medium,11827.11885722018,9,3
U100427,ussd,212,established,established,small,1387.495631985638,17,2
U100428,ussd,557,established,established,small,3763.224362706557,21,2
U100429,ussd,167,established,established,small,3333.686640591085,10,1
U100430,ussd,11,cold_start,new,medium,15044.68041410355,14,2
U100431,app,295,established,established,small,915.8781749171762,19,3
U100432,ussd,810,established,established,small,4385.166665400801,21,5
U100433,ussd,885,established,established,small,1904.3402078269512,19,3
U100434,app,353,established,established,medium,7852.36529164573,19,2
U100435,app,762,established,established,medium,5779.754573456627,21,2
U100436,ussd,513,established,established,small,1459.789186728241,10,3
U100437,ussd,422,established,established,medium,10230.877805509985,14,7
U100438,ussd,695,established,established,small,2292.4736202542017,14,4
U100439,app,854,established,established,small,2960.79195580386,14,9
U100440,ussd,210,established,established,medium,8972.59140698232,10,4
U100441,app,256,established,established,medium,9115.695922220346,12,1
U100442,ussd,218,established,established,small,3532.1725174724197,10,1
U100443,app,364,established,established,small,3021.2836214837116,12,9
U100444,ussd,892,established,established,small,500.0,21,3
U100445,ussd,862,established,established,small,2884.1997356596153,12,6
U100446,ussd,353,established,established,medium,10028.246289432642,9,4
U100447,ussd,819,established,established,medium,5846.455271770327,10,3
U100448,app,188,established,established,small,4535.489464615078,14,2
U100449,ussd,524,established,established,small,3007.9005674294895,10,2
U100450,ussd,567,established,established,small,2424.6741484726385,14,3
U100451,app,428,established,established,small,1765.592190745226,21,3
U100452,ussd,157,established,established,medium,8804.790310151375,12,2
U100453,ussd,859,established,established,small,2255.9400296227745,10,1
U100454,ussd,875,established,established,medium,9887.553375468407,21,3
U100455,ussd,237,established,established,small,2731.4552699660394,21,4
U100456,app,188,established,established,small,4929.9015418378385,10,3
U100457,ussd,476,established,established,small,2021.854209237336,19,2
U100458,app,400,established,established,medium,16462.074507640165,17,2
U100459,app,146,established,established,medium,10480.532251276343,14,1
U100460,app,200,established,established,small,4455.223673422302,17,4
U100461,app,432,established,established,medium,18150.050728747236,12,2
U100462,app,129,established,established,small,2531.188578846205,12,2
U100463,ussd,410,established,established,medium,11936.908061074306,19,3
U100464,app,855,established,established,medium,10977.5504071404,12,3
U100465,app,435,established,established,medium,7447.11527092178,14,8
U100466,app,160,established,established,medium,5100.571487121897,10,1
U100467,ussd,119,established,established,medium,13055.580448315834,12,2
U100468,app,274,established,established,medium,13314.025310375737,12,2
U100469,app,806,established,established,medium,13270.754773018525,19,6
U100470,ussd,178,established,established,small,976.7729099869836,17,3
U100471,app,297,established,established,medium,6119.504406150588,10,3
U100472,ussd,348,established,established,small,2185.8827267644306,14,4
U100473,app,335,established,established,small,3360.50386559552,17,5
U100474,app,419,established,established,small,3240.082655950239,19,4
U100475,app,459,established,established,medium,5201.842174472981,19,7
U100476,ussd,733,established,established,small,4144.500687749051,10,1
U100477,app,525,established,established,medium,5654.701277572546,19,1
U100478,ussd,504,established,established,medium,6651.976400710438,12,4
U100479,app,698,established,established,medium,7204.035804080544,17,3
U100480,ussd,701,established,established,small,989.6219724187796,10,7
U100481,app,99,established,established,small,1814.3893604320626,12,3
U100482,app,434,established,established,medium,6338.471380647705,17,5
U100483,app,291,established,established,small,1409.5443772776182,19,2
U100484,ussd,523,established,established,medium,5042.330787482037,17,3
U100485,app,6,cold_start,new,medium,6824.376247462448,14,3
U100486,ussd,13,cold_start,new,medium,12837.689777291675,17,5
U100487,ussd,525,established,established,medium,11061.464987334613,19,4
U100488,ussd,12,cold_start,new,medium,15082.716491669114,12,4
U100489,app,679,established,established,small,4669.128848866679,17,4
U100490,ussd,133,established,established,medium,5414.4193762135665,19,8
U100491,ussd,854,established,established,small,3865.0589239330616,21,2
U100492,ussd,794,established,established,medium,13519.862038052395,10,2
U100493,ussd,314,established,established,small,2911.3331903035373,14,5
U100494,ussd,717,established,established,small,3527.317001501845,10,3
U100495,ussd,605,established,established,small,3465.8753237532515,9,1
U100496,ussd,111,established,established,small,3226.938666624068,19,7
U100497,app,493,established,established,small,1509.9537322731699,14,3
U100498,ussd,63,established,1-3mo,large,31880.50102417999,17,2
U100499,app,11,cold_start,new,small,2452.847723816871,19,3
U100500,ussd,605,established,established,medium,7073.245651855538,21,3
U100501,ussd,871,established,established,medium,5391.592401298069,10,2
U100502,app,883,established,established,medium,5416.529762098659,17,3
U100503,app,1,cold_start,new,medium,9857.059895508197,21,6
U100504,app,75,established,1-3mo,small,2530.182756009054,17,2
U100505,app,345,established,established,small,1780.0890777418813,19,2
U100506,app,294,established,established,small,1820.3724866444607,14,3
U100507,ussd,397,established,established,medium,10933.743146064144,12,3
U100508,ussd,768,established,established,small,1643.9829201983584,10,5
U100509,ussd,241,established,established,medium,8558.692898364181,17,2
U100510,app,868,established,established,small,2339.4063531208567,19,11
U100511,ussd,584,established,established,small,977.010304008481,17,6
U100512,app,254,established,established,small,2789.7472438802643,10,3
U100513,ussd,99,established,established,small,3054.374087387167,17,3
U100514,app,276,established,established,small,776.215747506873,14,3
U100515,app,230,established,established,medium,13132.618485547382,10,2
U100516,app,682,established,established,medium,7963.599316511553,10,7
U100517,ussd,160,established,established,small,2799.4795013429007,17,5
U100518,app,409,established,established,small,2999.206817413429,10,9
U100519,ussd,841,established,established,small,3790.042171549758,12,6
U100520,ussd,345,established,established,small,2225.7091118426297,10,2
U100521,ussd,97,established,established,medium,6647.042061905617,17,8
U100522,app,882,established,established,small,2723.1803665084,10,6
U100523,app,399,established,established,medium,6840.439735044197,17,11
U100524,app,779,established,established,medium,14766.828643629646,21,6
U100525,app,694,established,established,small,2073.993898522707,19,3
U100526,ussd,166,established,established,small,2340.5769403903046,14,9
U100527,app,705,established,established,small,1455.423712648493,14,3
U100528,app,678,established,established,medium,10058.211080563151,14,1
U100529,app,619,established,established,small,3300.4535674718004,14,2
U100530,ussd,472,established,established,medium,5805.334078636593,10,4
U100531,app,418,established,established,small,552.2488289638115,17,3
U100532,ussd,227,established,established,medium,9605.981329477805,21,2
U100533,app,659,established,established,medium,11532.686430143758,17,5
U100534,ussd,310,established,established,small,3328.3781246270205,10,6
U100535,ussd,8,cold_start,new,small,2453.693704326463,10,1
U100536,app,449,established,established,small,3445.7733930377008,17,6
U100537,app,340,established,established,medium,5908.204075453056,14,3
U100538,app,412,established,established,small,1776.659489707367,10,3
U100539,app,464,established,established,medium,7290.394532310928,14,2
U100540,app,277,established,established,medium,6625.415422038678,10,3
U100541,ussd,81,established,1-3mo,medium,8272.585977449224,14,4
U100542,ussd,92,established,established,medium,23346.257452155507,12,2
U100543,app,348,established,established,medium,6023.046206443433,10,2
U100544,ussd,13,cold_start,new,small,2040.0670423142496,12,4
U100545,app,542,established,established,medium,6414.409051892708,10,4
U100546,ussd,736,established,established,small,3230.8776674597934,14,3
U100547,app,528,established,established,small,4311.396165159125,17,2
U100548,ussd,453,established,established,medium,6513.597558001341,14,3
U100549,ussd,10,cold_start,new,large,33523.35561357024,12,4
U100550,app,10,cold_start,new,small,1101.9705745588983,9,5
U100551,app,279,established,established,small,2792.987253750967,17,1
U100552,app,120,established,established,medium,7906.877987076057,21,1
U100553,ussd,125,established,established,medium,8004.71288240332,12,5
U100554,ussd,833,established,established,small,4428.228472279164,9,4
U100555,ussd,764,established,established,medium,22978.32858403066,10,6
U100556,ussd,431,established,established,medium,10708.859445225973,14,1
U100557,ussd,491,established,established,small,1787.0128999582357,10,2
U100558,app,6,cold_start,new,large,30556.32854725885,17,6
U100559,ussd,253,established,established,small,3350.426521300381,17,6
U100560,ussd,194,established,established,medium,6184.8794884139725,17,4
U100561,app,886,established,established,medium,20350.089607447106,12,4
U100562,ussd,606,established,established,medium,17023.43597892073,12,12
U100563,app,222,established,established,small,715.4220015832358,17,5
U100564,app,82,established,1-3mo,small,1345.468040452296,19,5
U100565,ussd,284,established,established,medium,5739.1537411949,14,2
U100566,app,303,established,established,small,4587.831751483608,19,2
U100567,app,490,established,established,medium,27851.94213841975,21,8
U100568,app,561,established,established,medium,26389.63439214179,19,10
U100569,ussd,244,established,established,medium,9634.066361376234,14,2
U100570,ussd,284,established,established,small,2615.2694745245967,12,3
U100571,app,509,established,established,small,3995.9319130098,12,2
U100572,app,258,established,established,small,3835.943746613593,14,3
U100573,app,657,established,established,small,3927.7584188229102,19,13
U100574,ussd,276,established,established,small,1551.1073042371818,12,7
U100575,app,627,established,established,small,4109.230087218699,10,2
U100576,ussd,378,established,established,small,1552.5100517560436,14,3
U100577,ussd,11,cold_start,new,medium,12347.735710440344,17,3
U100578,app,6,cold_start,new,medium,5700.682979646975,10,2
U100579,ussd,394,established,established,small,3815.99524055978,14,2
U100580,ussd,154,established,established,small,908.4994618904618,14,8
U100581,ussd,748,established,established,small,3804.184945838939,17,1
U100582,app,485,established,established,medium,28423.344298135224,19,8
U100583,ussd,881,established,established,small,2174.999377019917,10,3
U100584,ussd,264,established,established,small,4072.4106958901625,14,2
U100585,ussd,854,established,established,medium,5127.378012414797,19,2
U100586,ussd,1,cold_start,new,medium,6622.901815732431,14,10
U100587,app,401,established,established,small,2879.697022360928,17,5
U100588,ussd,304,established,established,small,1156.92329839096,17,7
U100589,ussd,506,established,established,small,4502.3649142686445,9,4
U100590,app,663,established,established,medium,18589.572793054216,12,2
U100591,app,898,established,established,medium,16212.964307712396,9,2
U100592,app,516,established,established,medium,5279.7161740963,10,4
U100593,ussd,778,established,established,small,4432.531446617682,17,1
U100594,app,166,established,established,small,3852.4978529373625,9,4
U100595,ussd,235,established,established,small,2641.0356478304775,9,2
U100596,app,435,established,established,medium,7643.3681005567705,14,1
U100597,app,432,established,established,medium,9780.105055342861,21,6
U100598,ussd,12,cold_start,new,medium,15012.782633845369,19,2
U100599,app,500,established,established,small,723.9720434579084,10,9
U100600,ussd,846,established,established,medium,19967.73639310794,21,2
U100601,app,840,established,established,medium,21344.47904547016,12,3
U100602,ussd,124,established,established,small,2260.81230242757,10,2
U100603,app,455,established,established,medium,5449.686032122105,12,2
U100604,ussd,60,established,1-3mo,medium,7128.880872453234,14,3
U100605,ussd,510,established,established,small,998.5832994081483,14,3
U100606,app,217,established,established,small,1940.9981767080376,14,5
U100607,app,3,cold_start,new,small,4213.8240502366025,14,2
U100608,app,681,established,established,small,3235.407206225131,19,1
U100609,ussd,293,established,established,small,2786.3418443493297,10,2
U100610,ussd,893,established,established,medium,8372.196779400183,21,1
U100611,app,799,established,established,small,4061.8610315635383,12,1
U100612,app,651,established,established,medium,7523.738901209179,9,3
U100613,ussd,198,established,established,medium,13610.139284090132,14,3
U100614,ussd,418,established,established,small,1227.5310538276553,21,2
U100615,ussd,745,established,established,small,4478.055291035156,12,3
U100616,app,9,cold_start,new,small,3574.4469264374643,21,2
U100617,ussd,899,established,established,small,3607.357978113966,10,3
U100618,ussd,425,established,established,small,3513.9388258725535,17,4
U100619,app,66,established,1-3mo,small,2839.127509493606,10,3
U100620,app,560,established,established,small,2960.169090089483,12,6
U100621,app,94,established,established,medium,6441.131027991749,21,4
U100622,ussd,731,established,established,medium,5218.166069123947,14,4
U100623,app,468,established,established,small,2026.5546439701895,9,3
U100624,ussd,1,cold_start,new,medium,11407.307332248332,19,12
U100625,ussd,296,established,established,small,2428.224961182774,9,3
U100626,ussd,7,cold_start,new,small,1831.3623898780727,12,2
U100627,ussd,626,established,established,small,4032.579278479414,9,2
U100628,app,897,established,established,small,3955.0253333520454,19,3
U100629,ussd,338,established,established,small,2849.5190499429295,10,2
U100630,app,476,established,established,medium,17326.565960712083,19,11
U100631,ussd,237,established,established,medium,10219.32097273063,14,4
U100632,ussd,322,established,established,medium,7982.552863598332,12,2
U100633,ussd,311,established,established,small,719.3326892223756,14,3
U100634,ussd,891,established,established,small,956.9283839633615,21,2
U100635,app,11,cold_start,new,medium,15730.553285001404,17,1
U100636,ussd,788,established,established,medium,7129.482721070068,9,3
U100637,ussd,3,cold_start,new,small,1894.96027271975,10,3
U100638,ussd,188,established,established,small,3507.1807853810315,10,4
U100639,app,728,established,established,medium,9315.660356877524,14,5
U100640,app,124,established,established,small,2830.2364944539017,10,3
U100641,ussd,103,established,established,medium,8918.378468677221,14,2
U100642,app,520,established,established,small,4034.97661117405,10,3
U100643,ussd,146,established,established,medium,20240.935745437742,10,4
U100644,ussd,397,established,established,medium,5445.112282330675,14,3
U100645,ussd,756,established,established,medium,16235.384276053608,10,2
U100646,app,298,established,established,small,1565.5115257428613,12,3
U100647,ussd,309,established,established,small,2473.7759770554394,12,2
U100648,app,572,established,established,small,3601.295423591494,12,6
U100649,app,6,cold_start,new,medium,10664.84207341052,21,8
U100650,ussd,280,established,established,medium,18482.73496054685,10,3
U100651,app,735,established,established,small,1555.101024761958,12,4
U100652,app,785,established,established,medium,6404.9038438022035,21,7
U100653,app,304,established,established,medium,13764.135788223824,14,2
U100654,ussd,384,established,established,small,1763.588963253514,21,4
U100655,ussd,894,established,established,medium,7914.9150591258485,12,2
U100656,app,613,established,established,small,1752.9580915915892,14,4
U100657,app,510,established,established,large,48274.31938470296,12,3
U100658,ussd,215,established,established,small,3012.5881164685843,10,2
U100659,app,610,established,established,medium,5312.399123482068,12,4
U100660,ussd,744,established,established,medium,26701.546217008647,9,2
U100661,ussd,573,established,established,large,70438.91803668074,9,10
U100662,ussd,780,established,established,small,4842.439824931868,10,3
U100663,ussd,129,established,established,small,1530.0206886576764,12,3
U100664,ussd,10,cold_start,new,small,910.0277875814005,14,2
U100665,ussd,283,established,established,medium,12818.70261736662,10,8
U100666,app,224,established,established,small,4044.2941353654787,12,1
U100667,app,96,established,established,small,4803.702900398742,21,1
U100668,ussd,789,established,established,small,1049.6450057108077,12,2
U100669,app,114,established,established,small,3937.0895407209077,19,1
U100670,ussd,3,cold_start,new,medium,5354.685000430782,12,3
U100671,ussd,152,established,established,medium,11168.17729268481,10,6
U100672,ussd,564,established,established,small,683.0088805408836,19,2
U100673,app,450,established,established,medium,19000.236898949395,17,2
U100674,app,159,established,established,medium,5079.928803615697,17,1
U100675,ussd,226,established,established,small,997.8229711364198,14,4
U100676,app,820,established,established,medium,6896.778126098659,19,5
U100677,ussd,5,cold_start,new,small,2443.438758071228,17,3
U100678,ussd,524,established,established,medium,15048.911613729988,10,5
U100679,ussd,808,established,established,small,666.9401827037802,21,2
U100680,ussd,237,established,established,medium,5940.597250512276,12,4
U100681,app,616,established,established,large,36992.35879449983,21,4
U100682,app,269,established,established,medium,13896.819019600336,10,1
U100683,ussd,490,established,established,medium,5335.672447940003,19,7
U100684,app,565,established,established,medium,5525.083278189605,17,1
U100685,app,705,established,established,medium,6818.579543633111,17,2
U100686,app,708,established,established,small,2878.106670061752,9,4
U100687,app,652,established,established,medium,14789.900123803849,17,3
U100688,ussd,793,established,established,small,3627.563729193241,21,4
U100689,app,770,established,established,medium,12341.086887318976,17,3
U100690,ussd,254,established,established,small,1613.8830224846286,19,2
U100691,app,790,established,established,small,652.6749726113982,19,1
U100692,ussd,385,established,established,medium,15828.124243056225,19,8
U100693,app,363,established,established,medium,6607.833065231806,12,3
U100694,ussd,440,established,established,small,2617.972174216258,10,6
U100695,app,607,established,established,medium,6800.848594950112,12,2
U100696,ussd,288,established,established,medium,11166.613366218913,10,10
U100697,app,536,established,established,small,4584.638654389449,21,6
U100698,app,386,established,established,small,3093.3079941457163,12,1
U100699,app,604,established,established,medium,6741.445045316633,12,2
U100700,ussd,395,established,established,small,884.9187276804403,9,2
U100701,ussd,532,established,established,medium,5077.013904691429,14,2
U100702,app,862,established,established,medium,7302.517319171137,17,8
U100703,app,460,established,established,medium,11408.833253506422,12,7
U100704,ussd,10,cold_start,new,medium,10226.293830435594,19,2
U100705,ussd,215,established,established,medium,5861.351660550639,19,5
U100706,app,846,established,established,small,2530.5713070712454,10,3
U100707,ussd,694,established,established,medium,12627.230351023421,10,2
U100708,ussd,748,established,established,small,3163.5656157252674,10,2
U100709,ussd,322,established,established,medium,17018.962207599227,12,2
U100710,app,649,established,established,small,1927.810746171232,21,3
U100711,app,1,cold_start,new,medium,5346.387379046574,10,4
U100712,app,869,established,established,medium,7967.506533707504,10,4
U100713,ussd,792,established,established,medium,5378.620639561114,21,6
U100714,app,581,established,established,medium,14455.873835476295,19,2
U100715,ussd,269,established,established,small,3282.4019868390733,12,3
U100716,ussd,674,established,established,medium,6367.498202673257,10,1
U100717,ussd,549,established,established,small,3135.030016029155,19,2
U100718,app,512,established,established,small,2586.2980219588476,12,9
U100719,app,519,established,established,medium,5966.710680906519,9,3
U100720,app,383,established,established,medium,12964.618881642728,19,3
U100721,ussd,449,established,established,medium,5918.186288125076,19,2
U100722,ussd,639,established,established,medium,8994.197799986712,12,3
U100723,app,419,established,established,small,4840.627353834008,17,4
U100724,ussd,322,established,established,medium,7991.9268047242595,21,4
U100725,app,379,established,established,medium,9045.536183276756,14,7
U100726,app,784,established,established,medium,11983.420431630802,12,9
U100727,app,398,established,established,medium,6170.440195017201,17,3
U100728,ussd,296,established,established,medium,6267.027450771551,21,2
U100729,app,345,established,established,medium,8071.195918722439,19,5
U100730,app,94,established,established,medium,7737.3086532129255,14,5
U100731,ussd,174,established,established,small,3171.4157404751577,17,4
U100732,ussd,434,established,established,medium,6465.05068198787,19,2
U100733,app,184,established,established,small,575.984669678005,17,2
U100734,app,368,established,established,small,2370.594302191385,19,9
U100735,ussd,471,established,established,medium,19612.747975665967,9,1
U100736,app,763,established,established,medium,10142.671817535695,10,2
U100737,app,345,established,established,small,3838.62445375687,21,3
U100738,ussd,238,established,established,medium,6560.724241474466,21,3
U100739,app,153,established,established,small,1129.2041564389065,19,3
U100740,ussd,306,established,established,medium,5172.528757835629,17,7
U100741,app,91,established,established,small,1357.3188393361024,9,6
U100742,app,833,established,established,medium,11962.42190865965,10,2
U100743,app,862,established,established,small,2338.1274735684815,9,6
U100744,app,8,cold_start,new,small,4765.646401492669,14,9
U100745,app,444,established,established,small,2103.7081527068954,17,5
U100746,app,581,established,established,small,4655.783942799198,14,4
U100747,ussd,822,established,established,medium,11981.81161389785,10,3
U100748,ussd,10,cold_start,new,small,4389.454814094227,10,5
U100749,app,472,established,established,small,1350.049361089836,19,2
U100750,ussd,802,established,established,large,30081.96709043197,17,2
U100751,ussd,371,established,established,small,3236.351728698318,12,5
U100752,ussd,262,established,established,small,1931.9464873656523,21,2
U100753,app,9,cold_start,new,medium,6848.193622003909,17,4
U100754,app,163,established,established,small,3386.1657691003866,21,4
U100755,app,9,cold_start,new,small,1932.08034319606,10,2
U100756,app,159,established,established,medium,7561.125887430227,14,4
U100757,app,386,established,established,medium,12877.274296666192,19,3
U100758,ussd,541,established,established,medium,7310.440188040317,10,5
U100759,ussd,193,established,established,medium,10387.851268638467,10,2
U100760,app,606,established,established,small,4529.261816916025,12,2
U100761,app,162,established,established,medium,5806.344034609584,17,3
U100762,app,525,established,established,small,1333.536727384733,9,3
U100763,app,402,established,established,small,2378.2276407445133,14,4
U100764,ussd,644,established,established,small,3085.136828169057,17,3
U100765,app,248,established,established,small,4462.41429050251,12,3
U100766,ussd,178,established,established,medium,14339.008971479285,19,3
U100767,ussd,603,established,established,small,2905.4227243367245,21,2
U100768,ussd,6,cold_start,new,small,739.1593661237426,9,6
U100769,ussd,891,established,established,small,3378.008690796324,17,9
U100770,ussd,12,cold_start,new,medium,15932.411534631534,17,1
U100771,app,84,established,1-3mo,medium,6108.662214113667,17,1
U100772,app,159,established,established,small,3074.121506518087,12,4
U100773,ussd,611,established,established,small,2995.713766787385,10,2
U100774,app,834,established,established,small,4092.9543545086967,9,3
U100775,ussd,770,established,established,small,2882.037928585147,19,2
U100776,app,776,established,established,small,2122.9194591041505,10,2
U100777,app,94,established,established,small,4264.184834618071,21,3
U100778,app,7,cold_start,new,medium,6336.123401747043,9,2
U100779,ussd,470,established,established,small,4042.188793451133,19,5
U100780,app,13,cold_start,new,small,4337.692755991049,14,5
U100781,app,134,established,established,medium,7516.351112475499,10,4
U100782,app,300,established,established,medium,7837.384805199788,10,2
U100783,ussd,8,cold_start,new,medium,20582.24180467984,12,2
U100784,ussd,274,established,established,medium,11921.165059039247,21,5
U100785,app,6,cold_start,new,small,2438.3492546917123,9,3
U100786,ussd,682,established,established,small,1472.2838025296267,10,3
U100787,app,75,established,1-3mo,small,1235.7510340404067,14,3
U100788,ussd,127,established,established,medium,10817.531937206144,10,7
U100789,app,892,established,established,small,3555.410133411349,12,5
U100790,app,2,cold_start,new,medium,5412.115217804768,14,2
U100791,ussd,884,established,established,small,4198.100229947596,17,2
U100792,ussd,838,established,established,medium,18301.38839785526,14,2
U100793,app,805,established,established,small,3224.04363454424,19,2
U100794,ussd,881,established,established,medium,13139.692370389032,9,2
U100795,ussd,657,established,established,medium,12778.212558823347,14,1
U100796,app,688,established,established,medium,5558.6612755490905,14,1
U100797,ussd,452,established,established,small,2471.9488043157316,19,2
U100798,ussd,180,established,established,small,4662.270651665661,17,2
U100799,app,607,established,established,small,2398.602040100516,12,1
U100800,ussd,810,established,established,medium,28162.036764039563,14,1
U100801,app,128,established,established,medium,10958.049063445502,12,3
U100802,ussd,457,established,established,small,3979.0366791457136,14,3
U100803,app,155,established,established,medium,9287.880162993,14,2
U100804,app,456,established,established,medium,5119.316131961401,17,7
U100805,ussd,147,established,established,medium,13410.978636190288,21,7
U100806,ussd,617,established,established,small,1811.927507921757,14,5
U100807,ussd,8,cold_start,new,small,1878.0155349054721,12,4
U100808,ussd,210,established,established,small,2561.4490034335636,17,2
U100809,app,10,cold_start,new,small,4631.242480408671,10,1
U100810,app,689,established,established,medium,7447.2872215981615,9,4
U100811,app,685,established,established,small,1772.1275864761658,17,4
U100812,app,421,established,established,small,4335.643877006645,19,2
U100813,app,848,established,established,small,1883.558223382675,21,3
U100814,ussd,290,established,established,small,1648.704767614592,19,3
U100815,ussd,87,established,1-3mo,small,4653.559617933412,10,6
U100816,app,653,established,established,small,2923.5323923941414,14,2
U100817,app,758,established,established,small,4729.113218785884,14,1
U100818,ussd,544,established,established,medium,6376.818359093451,19,3
U100819,app,528,established,established,medium,13134.106769347552,12,3
U100820,app,159,established,established,medium,16460.080867462722,17,2
U100821,app,770,established,established,medium,5547.665882162997,17,3
U100822,app,553,established,established,small,1913.6741402274313,14,3
U100823,app,759,established,established,small,1892.874051877087,12,3
U100824,ussd,131,established,established,medium,17727.374931210525,21,4
U100825,app,793,established,established,small,4260.326824019089,17,7
U100826,ussd,408,established,established,medium,8031.457592274742,10,7
U100827,ussd,561,established,established,small,3342.9518561594764,19,1
U100828,ussd,8,cold_start,new,medium,6254.942385548685,10,2
U100829,app,654,established,established,small,3300.3259748047767,9,2
U100830,app,310,established,established,medium,12575.677833489739,17,2
U100831,app,216,established,established,small,4250.951202658171,9,3
U100832,app,402,established,established,medium,8353.550647439606,19,8
U100833,app,204,established,established,medium,27674.46469130898,9,4
U100834,ussd,808,established,established,medium,10035.698181011334,17,3
U100835,app,626,established,established,medium,5873.67184322559,17,3
U100836,app,189,established,established,small,2523.0926350911836,14,1
U100837,app,81,established,1-3mo,medium,8659.92595124919,17,2
U100838,ussd,739,established,established,medium,7188.701114079484,10,6
U100839,ussd,693,established,established,medium,8805.966281969408,17,5
U100840,ussd,270,established,established,medium,24716.8956274832,19,5
U100841,ussd,854,established,established,small,1158.063947748022,10,2
U100842,ussd,12,cold_start,new,small,4653.518220981575,9,2
U100843,ussd,2,cold_start,new,small,3823.2719606760274,21,2
U100844,app,657,established,established,small,1329.0871381727907,19,2
U100845,ussd,302,established,established,small,2216.849866512608,21,3
U100846,ussd,147,established,established,small,1180.1284681768088,19,4
U100847,app,212,established,established,small,2060.462925259505,12,5
U100848,ussd,313,established,established,small,1965.820625998978,12,3
U100849,app,430,established,established,small,2358.738777495672,19,2
U100850,ussd,430,established,established,small,725.5728696857706,19,4
U100851,app,9,cold_start,new,medium,5149.528313203834,14,4
U100852,ussd,897,established,established,medium,19331.51988370361,9,1
U100853,ussd,829,established,established,small,1961.8318233807258,19,6
U100854,app,808,established,established,small,4083.6790170868517,21,7
U100855,app,781,established,established,medium,15483.674757160345,19,6
U100856,app,3,cold_start,new,small,1194.5233080739165,19,4
U100857,app,77,established,1-3mo,small,4926.624834147214,17,7
U100858,ussd,519,established,established,medium,10692.343474034664,19,4
U100859,app,174,established,established,medium,18561.21867076686,19,4
U100860,app,657,established,established,large,35346.83916609559,17,3
U100861,app,1,cold_start,new,small,1727.7778465691067,10,4
U100862,ussd,573,established,established,small,2783.708170241085,14,2
U100863,app,836,established,established,medium,5455.750983121189,17,4
U100864,ussd,673,established,established,small,2264.122163038796,14,2
U100865,app,1,cold_start,new,small,3069.834402197922,17,2
U100866,app,584,established,established,medium,6124.763464885449,9,4
U100867,ussd,149,established,established,small,2505.5797321358004,21,5
U100868,app,240,established,established,medium,7526.60877335494,12,3
U100869,ussd,159,established,established,small,2594.4182913597074,10,4
U100870,app,648,established,established,small,1683.7875270579564,9,4
U100871,ussd,95,established,established,medium,11632.829829120985,19,2
U100872,ussd,409,established,established,small,1287.0590122501817,10,3
U100873,ussd,862,established,established,small,3045.5667369665807,19,2
U100874,app,139,established,established,small,1709.2092254919194,12,7
U100875,ussd,323,established,established,small,1161.9794587419135,17,3
U100876,ussd,439,established,established,small,4901.823789351631,14,5
U100877,app,480,established,established,medium,12122.282426405778,19,3
U100878,app,610,established,established,small,4671.684577741092,9,5
U100879,ussd,675,established,established,medium,10364.468637900987,9,2
U100880,app,12,cold_start,new,medium,9477.381961658735,10,3
U100881,ussd,474,established,established,medium,12589.249027003136,10,4
U100882,ussd,13,cold_start,new,small,3249.1121523770325,9,1
U100883,app,152,established,established,small,1969.0639152597457,19,5
U100884,ussd,12,cold_start,new,medium,23711.09804399649,21,2
U100885,ussd,354,established,established,medium,12222.895592496649,21,2
U100886,app,712,established,established,medium,16236.326591415293,19,3
U100887,ussd,218,established,established,small,1030.7234754228598,21,4
U100888,app,497,established,established,small,2503.3904634044943,17,3
U100889,app,6,cold_start,new,small,1947.9416862489643,14,4
U100890,ussd,2,cold_start,new,small,2983.8080419043526,9,5
U100891,app,144,established,established,medium,12652.714436020742,17,3
U100892,ussd,254,established,established,small,2281.0293226307253,21,2
U100893,app,631,established,established,small,4010.1241760962203,21,2
U100894,app,417,established,established,medium,6396.839913842029,17,4
U100895,app,482,established,established,small,3654.0296331433483,12,7
U100896,ussd,673,established,established,medium,9920.545986634123,12,4
U100897,ussd,1,cold_start,new,medium,11335.196128716187,12,5
U100898,ussd,788,established,established,medium,7092.813376243859,19,1
U100899,ussd,547,established,established,medium,21778.751970718593,10,7
U100900,ussd,240,established,established,small,4468.877799862926,21,3
U100901,ussd,384,established,established,small,3454.269066763778,21,1
U100902,ussd,202,established,established,medium,14437.485470025773,17,5
U100903,ussd,178,established,established,small,1192.6426186104966,9,4
U100904,ussd,730,established,established,small,4604.4228583173335,19,4
U100905,ussd,724,established,established,medium,9042.027112688927,10,3
U100906,app,484,established,established,medium,9946.72193515794,21,6
U100907,app,392,established,established,medium,5593.710393113311,12,4
U100908,ussd,156,established,established,small,2902.053665479191,12,1
U100909,app,454,established,established,medium,6975.629420463087,9,2
U100910,app,177,established,established,small,2613.0079542723843,10,4
U100911,ussd,809,established,established,medium,6402.368024130004,19,9
U100912,app,165,established,established,medium,14621.428177524298,17,6
U100913,app,191,established,established,medium,7239.068606460002,17,3
U100914,app,316,established,established,small,2685.66222568348,21,2
U100915,app,728,established,established,medium,12821.026443540753,12,2
U100916,ussd,468,established,established,small,2498.240027702543,17,2
U100917,ussd,10,cold_start,new,small,3174.7958030986565,10,3
U100918,ussd,429,established,established,medium,6785.036116701084,21,4
U100919,ussd,556,established,established,medium,6701.11848196035,17,2
U100920,ussd,369,established,established,small,3031.8179743908304,19,1
U100921,app,524,established,established,small,2089.3637560342763,17,3
U100922,ussd,606,established,established,small,576.0068309821805,10,5
U100923,app,818,established,established,medium,16190.664811024819,19,7
U100924,app,270,established,established,small,4989.111221673566,14,4
U100925,ussd,858,established,established,medium,21460.57292740526,17,2
U100926,ussd,732,established,established,medium,7214.046727032198,10,3
U100927,app,62,established,1-3mo,small,3959.9416265311,9,2
U100928,ussd,375,established,established,small,1365.0412211696712,17,4
U100929,app,416,established,established,small,1328.5438467077192,17,3
U100930,app,488,established,established,small,4898.343185047523,21,6
U100931,app,560,established,established,medium,8161.039705042573,14,7
U100932,app,348,established,established,medium,5449.9975300622145,19,4
U100933,ussd,265,established,established,small,3359.8536387112017,12,1
U100934,app,63,established,1-3mo,small,4875.304744851715,19,7
U100935,ussd,778,established,established,medium,13934.483946904813,10,4
U100936,app,346,established,established,small,3744.762857367203,10,3
U100937,ussd,818,established,established,small,4134.7577338734145,9,3
U100938,ussd,549,established,established,small,3745.672452587226,19,6
U100939,ussd,1,cold_start,new,medium,6970.2380275477535,21,2
U100940,app,804,established,established,small,2579.025127345636,19,3
U100941,ussd,5,cold_start,new,small,709.2342658586979,21,4
U100942,ussd,11,cold_start,new,medium,13859.318417911933,21,2
U100943,app,616,established,established,small,1409.3747219372422,17,2
U100944,app,2,cold_start,new,small,1850.8261198863795,19,3
U100945,app,691,established,established,small,2207.04478555129,17,2
U100946,app,60,established,1-3mo,small,2986.2091377352403,19,2
U100947,app,350,established,established,small,1720.9453677162273,14,3
U100948,app,8,cold_start,new,small,2694.330865663085,17,3
U100949,app,102,established,established,small,4234.899233819379,12,8
U100950,ussd,524,established,established,medium,6660.948608985357,9,6
U100951,app,865,established,established,medium,12136.96079607729,14,5
U100952,app,547,established,established,small,3528.893235380669,14,7
U100953,ussd,338,established,established,small,1768.0530851812712,21,2
U100954,app,7,cold_start,new,small,2014.0980844484359,9,4
U100955,app,535,established,established,medium,29021.293046441424,19,2
U100956,app,864,established,established,medium,19820.61741216597,12,7
U100957,app,731,established,established,small,4205.508186006613,12,3
U100958,app,483,established,established,small,4671.397300491762,17,2
U100959,app,731,established,established,small,1543.964699598456,9,8
U100960,app,65,established,1-3mo,small,1444.1761711356028,21,7
U100961,ussd,851,established,established,small,1595.0015141751915,14,8
U100962,ussd,10,cold_start,new,medium,5258.135293905958,12,2
U100963,app,491,established,established,small,4199.175797978031,21,7
U100964,app,357,established,established,small,1807.8095023764056,17,4
U100965,app,418,established,established,medium,12718.011674814177,17,4
U100966,ussd,760,established,established,small,2163.513157847458,17,3
U100967,ussd,124,established,established,small,1130.8528678272544,10,2
U100968,app,11,cold_start,new,small,4959.801000815559,17,2
U100969,app,630,established,established,medium,6020.880601316012,17,4
U100970,app,745,established,established,medium,6669.3046440941325,9,2
U100971,ussd,343,established,established,medium,10624.474927772675,17,3
U100972,ussd,458,established,established,small,1202.8152682235916,12,3
U100973,app,288,established,established,medium,8138.7274136117985,17,3
U100974,ussd,644,established,established,medium,6057.486524732218,10,3
U100975,app,573,established,established,medium,8484.474188073184,21,5
U100976,ussd,587,established,established,medium,21787.063035435945,19,3
U100977,ussd,482,established,established,small,2941.9433188911694,17,6
U100978,app,453,established,established,small,1698.6052623072703,9,6
U100979,app,261,established,established,medium,10414.879033683792,14,2
U100980,ussd,872,established,established,small,3221.291166430208,17,2
U100981,app,693,established,established,small,4317.432799236581,21,2
U100982,ussd,265,established,established,small,1504.1295369752543,14,2
U100983,app,657,established,established,medium,9375.006754936372,17,7
U100984,ussd,538,established,established,small,3243.258318001628,21,3
U100985,app,821,established,established,medium,10798.023927683118,12,10
U100986,app,867,established,established,small,3475.787432044577,19,3
U100987,app,338,established,established,medium,11069.68461418395,14,4
U100988,app,439,established,established,medium,6866.462821807947,14,3
U100989,app,649,established,established,medium,9616.907726218284,10,5
U100990,ussd,3,cold_start,new,medium,28132.281059168792,17,2
U100991,app,122,established,established,medium,14085.416539151762,10,4
U100992,app,340,established,established,medium,5327.691811772845,17,4
U100993,app,878,established,established,small,2689.4862635364766,12,3
U100994,app,876,established,established,medium,14901.033302810176,12,11
U100995,ussd,766,established,established,small,2150.5258804902087,9,2
U100996,ussd,3,cold_start,new,medium,5402.047721870417,21,4
U100997,app,578,established,established,small,3326.2112899992626,12,2
U100998,ussd,628,established,established,medium,7089.718122520505,17,6
U100999,ussd,852,established,established,small,2723.0143510305716,21,7
U101000,ussd,268,established,established,medium,15089.104989852505,12,11
U101001,app,866,established,established,small,506.30205991307645,10,2
U101002,app,7,cold_start,new,small,2777.3748275608846,19,7
U101003,app,166,established,established,small,3319.71949789845,21,4
U101004,ussd,453,established,established,medium,5985.057763955779,17,2
U101005,ussd,566,established,established,small,924.1844238837336,19,7
U101006,app,450,established,established,small,3696.438225999098,12,9
U101007,app,10,cold_start,new,small,4995.713257340666,10,3
U101008,ussd,715,established,established,medium,5219.625242945486,17,4
U101009,ussd,7,cold_start,new,medium,9291.021449692606,21,3
U101010,app,12,cold_start,new,medium,17941.28794830342,14,8
U101011,ussd,632,established,established,small,1630.2360382525649,9,3
U101012,app,524,established,established,medium,14233.216534853216,10,2
U101013,app,446,established,established,medium,6327.40788536488,17,1
U101014,ussd,751,established,established,medium,5477.139542967526,21,2
U101015,ussd,12,cold_start,new,medium,8760.626328050308,19,1
U101016,ussd,436,established,established,small,3318.8195039054967,10,4
U101017,app,634,established,established,medium,7309.536854814963,12,2
U101018,app,314,established,established,small,2460.93645513527,14,3
U101019,app,695,established,established,small,4444.739362612965,21,7
U101020,app,600,established,established,small,4639.502772662731,14,1
U101021,app,771,established,established,small,4423.553466069666,21,1
U101022,app,610,established,established,medium,20734.935613164595,12,2
U101023,app,735,established,established,large,48547.11727190908,10,2
U101024,app,2,cold_start,new,small,4575.691153629533,17,2
U101025,app,11,cold_start,new,medium,16005.456841747746,21,3
U101026,ussd,509,established,established,small,4546.720992208548,17,3
U101027,app,752,established,established,medium,6371.77672532214,14,3
U101028,ussd,657,established,established,small,1825.3464884041077,14,3
U101029,ussd,322,established,established,small,2974.7458933649036,9,3
U101030,ussd,401,established,established,small,3733.376126803953,21,4
U101031,app,353,established,established,small,1878.2692342683263,21,1
U101032,app,139,established,established,small,2347.76218050501,10,1
U101033,ussd,849,established,established,small,3628.0880676606253,14,2
U101034,ussd,120,established,established,medium,6343.472397282212,17,4
U101035,app,97,established,established,medium,8749.045217494257,12,3
U101036,app,832,established,established,medium,11625.499288458981,14,2
U101037,ussd,462,established,established,medium,5244.094772296497,21,5
U101038,app,10,cold_start,new,large,30295.593192708042,9,3
U101039,ussd,758,established,established,small,1113.2935714847727,14,2
U101040,app,685,established,established,small,2286.209602873017,19,2
U101041,app,600,established,established,small,4873.810039611417,12,4
U101042,ussd,773,established,established,medium,10636.010994310358,21,3
U101043,app,763,established,established,medium,7332.816876909365,12,3
U101044,ussd,13,cold_start,new,medium,5056.614966041339,19,1
U101045,app,797,established,established,medium,17518.289455858165,14,2
U101046,app,366,established,established,medium,10151.897931308647,10,2
U101047,ussd,522,established,established,small,4898.3064495314175,14,3
U101048,app,372,established,established,medium,12789.786806121741,19,2
U101049,app,272,established,established,small,4425.764555564698,19,6
U101050,ussd,798,established,established,small,4252.552741226408,12,3
U101051,ussd,269,established,established,small,560.1973237533762,17,5
U101052,ussd,276,established,established,small,3283.6783384299993,9,1
U101053,app,639,established,established,medium,12579.101765202244,21,5
U101054,app,352,established,established,small,603.3947579142449,14,2
U101055,ussd,810,established,established,small,1902.3593233486872,14,5
U101056,app,582,established,established,small,1435.9598947048146,9,6
U101057,app,486,established,established,small,4156.694079581792,21,4
U101058,ussd,7,cold_start,new,medium,5991.7971838735975,19,4
U101059,app,853,established,established,small,1040.7162801090867,9,3
U101060,app,400,established,established,small,3581.073274390444,19,12
U101061,app,248,established,established,small,2950.434421288998,10,4
U101062,app,643,established,established,small,4929.407073196852,9,5
U101063,ussd,77,established,1-3mo,medium,20282.874685167215,17,2
U101064,ussd,751,established,established,small,1550.8162027630488,19,4
U101065,app,548,established,established,small,3751.992008958383,14,14
U101066,app,396,established,established,medium,5929.510220388159,12,6
U101067,ussd,573,established,established,medium,11809.1586006525,19,2
U101068,app,307,established,established,large,36201.036067941175,9,3
U101069,app,234,established,established,small,2394.9111314574084,21,6
U101070,ussd,259,established,established,medium,6434.162375517254,21,3
U101071,ussd,276,established,established,small,1121.2525484177286,12,3
U101072,app,495,established,established,small,2639.5904558665848,21,4
U101073,ussd,668,established,established,medium,7741.148853369621,10,1
U101074,app,418,established,established,small,3388.4971895728195,21,3
U101075,ussd,144,established,established,small,3347.87208051127,12,6
U101076,ussd,563,established,established,medium,25062.935106951136,10,3
U101077,ussd,323,established,established,medium,6210.291434734754,12,4
U101078,ussd,422,established,established,medium,5012.973131651677,19,8
U101079,ussd,338,established,established,small,1533.4101413632952,19,6
U101080,app,575,established,established,small,1408.1085462079006,21,4
U101081,app,705,established,established,small,2706.967761523029,14,3
U101082,ussd,10,cold_start,new,small,4682.978908298505,12,5
U101083,ussd,846,established,established,medium,6709.536360963303,21,2
U101084,app,885,established,established,small,4050.165789851531,17,5
U101085,ussd,573,established,established,small,3224.6896738656433,14,5
U101086,ussd,684,established,established,medium,9183.358082845543,14,5
U101087,app,528,established,established,medium,14067.747399394622,14,5
U101088,app,2,cold_start,new,small,3959.7744325204912,12,2
U101089,app,369,established,established,small,3963.619775850274,19,5
U101090,app,839,established,established,small,2345.9855891269913,17,4
U101091,app,607,established,established,medium,5125.250856381918,19,2
U101092,app,604,established,established,medium,13738.95344772418,12,3
U101093,app,300,established,established,small,4741.582597066074,9,2
U101094,app,401,established,established,medium,10070.239583210792,17,4
U101095,ussd,712,established,established,small,2949.3652061500534,21,2
U101096,app,150,established,established,small,4167.76856955763,17,2
U101097,ussd,237,established,established,medium,10483.001530936224,17,1
U101098,ussd,846,established,established,medium,23813.732602137774,10,5
U101099,ussd,555,established,established,medium,5223.2255275049,9,2
U101100,ussd,191,established,established,small,2064.7091370056605,9,3
U101101,ussd,897,established,established,medium,5726.161079133262,9,4
U101102,app,894,established,established,medium,20076.430758300143,19,2
U101103,ussd,373,established,established,small,4676.06999078107,14,4
U101104,app,512,established,established,small,2023.573861614863,19,10
U101105,ussd,188,established,established,small,786.6986419753376,14,5
U101106,app,8,cold_start,new,small,1434.731440240177,17,1
U101107,app,881,established,established,small,3711.275376352987,12,2
U101108,app,744,established,established,medium,6822.504723003935,17,4
U101109,ussd,457,established,established,small,3363.2066636865484,17,2
U101110,app,367,established,established,medium,6275.8275061219265,9,3
U101111,app,398,established,established,large,30337.91522727468,10,4
U101112,app,820,established,established,medium,9510.207825030837,10,2
U101113,app,890,established,established,small,2100.2166873417723,19,2
U101114,ussd,327,established,established,medium,7074.1743738890345,9,2
U101115,ussd,2,cold_start,new,small,4809.976104969093,10,8
U101116,app,455,established,established,small,2613.28191764435,10,5
U101117,app,78,established,1-3mo,medium,6842.407305517895,12,1
U101118,app,1,cold_start,new,medium,19574.40322363627,21,3
U101119,app,764,established,established,small,2995.1710239678405,12,3
U101120,ussd,183,established,established,small,1575.9804386723852,19,3
U101121,ussd,646,established,established,small,3037.300177645163,12,3
U101122,app,294,established,established,small,1190.0884088201965,10,4
U101123,ussd,11,cold_start,new,medium,12755.318152429789,17,3
U101124,app,626,established,established,small,2113.4529004438614,21,8
U101125,ussd,8,cold_start,new,small,1707.2119445278497,10,2
U101126,ussd,338,established,established,small,4922.395200698711,14,4
U101127,ussd,632,established,established,medium,6333.078437637338,9,1
U101128,ussd,684,established,established,small,1377.8701200557614,21,2
U101129,ussd,865,established,established,medium,5229.586355919913,19,3
U101130,app,234,established,established,small,1955.2854835898627,19,3
U101131,app,639,established,established,medium,8912.26185431245,12,4
U101132,app,889,established,established,medium,18307.53018523482,17,3
U101133,ussd,846,established,established,medium,18738.332347585543,12,2
U101134,ussd,898,established,established,small,500.0,14,2
U101135,ussd,643,established,established,medium,23629.859808345343,10,8
U101136,ussd,326,established,established,small,2995.1591631073534,21,1
U101137,app,184,established,established,medium,12897.931245726219,17,5
U101138,ussd,521,established,established,medium,25496.132885027535,12,3
U101139,ussd,461,established,established,small,1006.1271320448518,9,1
U101140,app,765,established,established,medium,5929.530548919683,14,5
U101141,app,230,established,established,medium,6227.127490524345,12,2
U101142,app,788,established,established,medium,5923.67828189678,21,3
U101143,app,609,established,established,small,1453.685864641724,21,5
U101144,ussd,711,established,established,medium,10920.68269200917,10,3
U101145,ussd,750,established,established,small,4023.932862400184,12,6
U101146,ussd,445,established,established,small,3855.2031888243328,10,3
U101147,app,565,established,established,small,1399.806054798534,14,4
U101148,ussd,4,cold_start,new,medium,6144.019088723008,19,5
U101149,ussd,360,established,established,medium,27215.200550549704,21,1
U101150,app,643,established,established,medium,16376.574918533046,12,5
U101151,ussd,159,established,established,medium,8979.085190333237,9,4
U101152,app,462,established,established,medium,5653.857709751035,10,2
U101153,app,855,established,established,medium,7328.3329915647155,9,2
U101154,app,551,established,established,small,1849.8947307795052,17,1
U101155,app,641,established,established,medium,6979.0102038844225,9,6
U101156,ussd,291,established,established,medium,6145.001439150963,14,6
U101157,app,604,established,established,medium,21624.17991772703,10,5
U101158,app,158,established,established,small,4622.239592351515,21,3
U101159,app,683,established,established,small,3988.5529742020885,19,3
U101160,app,422,established,established,medium,17682.48029194323,19,4
U101161,app,834,established,established,small,3866.1882020522526,17,3
U101162,app,549,established,established,medium,8166.716498609643,14,3
U101163,ussd,287,established,established,medium,5353.009855752376,17,10
U101164,app,864,established,established,medium,7407.810652713635,9,4
U101165,ussd,566,established,established,medium,7484.194244207451,19,6
U101166,app,72,established,1-3mo,medium,8516.113027527217,14,2
U101167,ussd,734,established,established,small,1381.0113242821305,17,1
U101168,ussd,880,established,established,medium,8972.372246206987,9,2
U101169,app,793,established,established,large,30297.237036178594,19,3
U101170,app,112,established,established,medium,25897.774844866988,12,1
U101171,ussd,117,established,established,medium,5485.401476634709,10,3
U101172,app,407,established,established,medium,7505.07354055491,17,3
U101173,ussd,122,established,established,medium,6365.352778712536,17,4
U101174,app,201,established,established,medium,9385.552464529947,19,1
U101175,app,419,established,established,medium,9180.911081145921,10,7
U101176,ussd,5,cold_start,new,medium,14345.050396324197,12,3
U101177,ussd,110,established,established,medium,23869.545022439877,17,3
U101178,app,11,cold_start,new,small,2122.808087075066,17,2
U101179,ussd,350,established,established,small,3235.6389592650507,12,3
U101180,ussd,728,established,established,small,500.0,14,12
U101181,app,81,established,1-3mo,small,3049.6310308973984,19,1
U101182,app,668,established,established,medium,5859.358165667545,12,2
U101183,app,766,established,established,small,2421.5973512436426,9,6
U101184,app,604,established,established,medium,14292.9487962797,19,2
U101185,ussd,652,established,established,small,3470.640589472181,9,3
U101186,app,645,established,established,medium,5802.637105852162,21,3
U101187,app,1,cold_start,new,small,2134.8945618777307,10,3
U101188,ussd,8,cold_start,new,small,3993.075226427179,21,4
U101189,ussd,352,established,established,small,2309.9403539596,10,3
U101190,ussd,364,established,established,medium,9385.062789442965,21,4
U101191,ussd,137,established,established,small,833.2108409584476,17,10
U101192,app,454,established,established,small,3348.2871146929892,17,3
U101193,ussd,69,established,1-3mo,medium,14024.764076291975,21,4
U101194,app,757,established,established,medium,14081.823472460166,10,6
U101195,app,527,established,established,medium,8367.301797506156,21,3
U101196,app,517,established,established,small,1315.874589240501,9,3
U101197,ussd,166,established,established,small,3694.2258806456466,14,3
U101198,ussd,353,established,established,medium,10921.62225120652,21,5
U101199,app,744,established,established,medium,22786.930615472793,12,3
U101200,ussd,11,cold_start,new,small,2150.5868277801455,21,8
U101201,ussd,272,established,established,small,4479.154352179783,10,5
U101202,app,109,established,established,small,3707.7504356340396,9,6
U101203,ussd,557,established,established,medium,13689.72395440421,12,5
U101204,app,238,established,established,small,2360.95062766257,14,2
U101205,ussd,869,established,established,large,53732.21558806967,12,4
U101206,app,592,established,established,small,3885.225459126502,14,3
U101207,app,437,established,established,small,4616.588529195921,9,6
U101208,app,750,established,established,small,3379.643887679103,19,6
U101209,app,750,established,established,medium,23203.377622626846,19,2
U101210,ussd,738,established,established,medium,13401.09691333464,17,11
U101211,app,150,established,established,small,1530.2224796888345,10,2
U101212,app,892,established,established,small,2075.2402305627106,19,4
U101213,ussd,228,established,established,small,2574.395769278574,19,4
U101214,ussd,441,established,established,medium,9449.589362672064,14,4
U101215,ussd,7,cold_start,new,small,3441.1834438528385,12,3
U101216,app,103,established,established,medium,8106.598974659506,14,3
U101217,app,869,established,established,medium,9154.965436493278,21,5
U101218,app,258,established,established,small,2675.296854538055,9,2
U101219,ussd,238,established,established,small,2291.458827501897,14,7
U101220,ussd,160,established,established,medium,14017.876242337676,10,2
U101221,ussd,838,established,established,small,4029.3712559338655,17,4
U101222,ussd,680,established,established,small,1560.3296238725327,19,1
U101223,app,796,established,established,small,929.2084988803306,17,9
U101224,ussd,225,established,established,small,2308.5093703660386,21,1
U101225,app,429,established,established,small,1524.5342844445095,10,4
U101226,app,544,established,established,small,2017.5840111847474,19,6
U101227,app,507,established,established,small,1470.6619386002662,14,1
U101228,app,596,established,established,small,1165.2442405547943,12,7
U101229,ussd,798,established,established,medium,5862.876321178969,21,9
U101230,app,12,cold_start,new,small,2737.146792871863,9,2
U101231,ussd,490,established,established,small,3310.488672693011,12,2
U101232,ussd,62,established,1-3mo,small,3354.530576689194,17,6
U101233,ussd,710,established,established,small,2611.808032649768,21,3
U101234,ussd,850,established,established,medium,7109.456601402387,10,4
U101235,app,588,established,established,medium,10033.850423691174,19,8
U101236,app,2,cold_start,new,small,852.216279642681,10,2
U101237,app,839,established,established,medium,9052.324478739434,12,4
U101238,app,133,established,established,medium,17368.80674846134,10,2
U101239,ussd,156,established,established,small,4172.88788237477,14,3
U101240,app,3,cold_start,new,medium,18073.04283445489,14,1
U101241,app,799,established,established,small,1888.1067508124524,14,5
U101242,app,848,established,established,medium,5231.486127812433,21,3
U101243,app,422,established,established,medium,7760.144014303517,12,4
U101244,ussd,761,established,established,medium,6105.225157946317,17,6
U101245,app,884,established,established,medium,5283.044851499083,17,2
U101246,ussd,650,established,established,medium,5008.512225733626,10,2
U101247,ussd,298,established,established,small,4110.162210385801,17,1
U101248,ussd,324,established,established,medium,28477.206747856337,12,1
U101249,app,700,established,established,medium,19225.189426333643,9,4
U101250,ussd,809,established,established,small,2407.492903784607,12,3
U101251,app,423,established,established,small,3415.3703566433783,19,4
U101252,app,207,established,established,medium,6073.266942729697,21,12
U101253,ussd,656,established,established,medium,11258.197385321955,12,3
U101254,ussd,3,cold_start,new,small,3683.672123792444,21,4
U101255,app,76,established,1-3mo,medium,11010.227090714803,14,4
U101256,ussd,766,established,established,medium,21049.383732990667,19,5
U101257,app,619,established,established,small,1179.5382056689853,12,1
U101258,ussd,785,established,established,medium,10261.328527558635,21,4
U101259,ussd,13,cold_start,new,small,3799.141468867409,10,4
U101260,ussd,465,established,established,small,4026.4833746739687,12,3
U101261,ussd,117,established,established,medium,5308.047295833011,17,2
U101262,ussd,379,established,established,medium,17690.134543713837,14,7
U101263,ussd,631,established,established,small,2456.1566462694464,12,3
U101264,ussd,650,established,established,medium,5597.943954528549,10,3
U101265,ussd,313,established,established,medium,6995.277114480628,17,3
U101266,app,359,established,established,medium,6769.666749628914,21,2
U101267,ussd,3,cold_start,new,medium,12634.340631038194,19,4
U101268,app,772,established,established,small,1554.0389791497112,10,4
U101269,ussd,246,established,established,medium,11443.891680594528,12,2
U101270,app,682,established,established,small,2903.1887207734517,9,8
U101271,app,721,established,established,medium,5191.390946988674,9,4
U101272,ussd,11,cold_start,new,medium,6676.784507811823,14,4
U101273,app,1,cold_start,new,medium,9166.106250177972,21,10
U101274,app,1,cold_start,new,small,1661.9842267973866,19,5
U101275,ussd,71,established,1-3mo,medium,8865.27611637726,9,4
U101276,app,447,established,established,medium,7865.248220140742,12,8
U101277,app,814,established,established,medium,6145.560041490324,12,3
U101278,app,126,established,established,medium,23994.951727408043,17,1
U101279,app,607,established,established,medium,6756.507869798651,14,2
U101280,app,852,established,established,small,3088.9762141975234,14,4
U101281,app,4,cold_start,new,small,1835.177871424282,19,2
U101282,app,243,established,established,medium,7884.589768814254,19,7
U101283,app,361,established,established,small,3312.2391978846044,9,2
U101284,app,180,established,established,small,3785.448595209639,12,7
U101285,ussd,338,established,established,small,3110.357644872027,14,1
U101286,ussd,752,established,established,small,500.0,12,3
U101287,app,881,established,established,small,2314.2034342790153,19,7
U101288,app,480,established,established,small,959.2136877605307,12,3
U101289,ussd,292,established,established,small,1481.5746277421106,9,5
U101290,ussd,354,established,established,small,2970.5712632637733,19,3
U101291,app,610,established,established,medium,6639.55570560927,12,2
U101292,app,427,established,established,medium,14854.067370233444,12,5
U101293,app,823,established,established,medium,6968.022294256408,19,4
U101294,ussd,677,established,established,medium,9034.800864842222,14,5
U101295,ussd,4,cold_start,new,medium,23651.78271451827,17,5
U101296,ussd,376,established,established,medium,6950.228573478486,12,2
U101297,app,749,established,established,small,3315.6753050373723,17,2
U101298,app,839,established,established,medium,7246.400761669643,12,2
U101299,app,326,established,established,medium,22609.338506541008,19,10
U101300,app,762,established,established,small,4269.531836293433,14,1
U101301,app,416,established,established,medium,29294.7659345095,19,15
U101302,ussd,480,established,established,small,3231.7010880570674,9,4
U101303,app,245,established,established,small,4229.895699589964,21,4
U101304,ussd,593,established,established,medium,10554.107152328139,19,2
U101305,app,630,established,established,small,2447.3823021193066,10,2
U101306,app,532,established,established,small,1910.4389569489915,9,5
U101307,ussd,842,established,established,medium,5530.669804014309,21,8
U101308,ussd,123,established,established,medium,7024.563242386342,14,3
U101309,app,689,established,established,medium,5640.6871777488,19,3
U101310,ussd,83,established,1-3mo,medium,9355.611925440127,9,3
U101311,app,886,established,established,medium,26992.420307571636,19,2
U101312,app,532,established,established,small,4442.283638808016,9,3
U101313,app,644,established,established,small,3448.6065639393373,14,7
U101314,app,619,established,established,medium,7811.097021416419,12,7
U101315,ussd,252,established,established,medium,8449.24907853886,21,3
U101316,app,394,established,established,small,4652.865547554153,14,3
U101317,ussd,306,established,established,medium,11674.682559293542,21,6
U101318,ussd,655,established,established,medium,18873.509847307974,17,7
U101319,app,729,established,established,medium,8692.337361467526,17,4
U101320,app,195,established,established,medium,26179.39564981012,17,7
U101321,app,675,established,established,medium,14100.356650325177,17,3
U101322,ussd,741,established,established,large,33809.88166114356,12,5
U101323,ussd,604,established,established,medium,9309.929157351595,10,3
U101324,ussd,896,established,established,small,2474.772453861659,9,2
U101325,app,848,established,established,small,623.8739977698496,9,5
U101326,app,398,established,established,small,4428.981088038347,10,3
U101327,ussd,509,established,established,small,2066.948069629989,21,2
U101328,app,636,established,established,medium,11155.553070759865,12,3
U101329,ussd,7,cold_start,new,small,1753.3253809889943,9,2
U101330,app,806,established,established,small,2665.3979806325233,19,2
U101331,app,10,cold_start,new,medium,5029.965520476846,19,4
U101332,ussd,664,established,established,medium,9141.010423608635,12,1
U101333,app,758,established,established,small,4458.837587452289,10,4
U101334,ussd,759,established,established,small,1224.9326323792236,19,7
U101335,app,143,established,established,small,1943.6279150518596,14,4
U101336,ussd,227,established,established,medium,6117.237580082891,17,7
U101337,ussd,899,established,established,small,2654.197722372959,9,3
U101338,ussd,139,established,established,medium,5062.4001308797015,9,2
U101339,ussd,334,established,established,medium,9721.717679399491,19,3
U101340,ussd,368,established,established,medium,6139.795998191436,21,4
U101341,ussd,400,established,established,small,3935.1376198255266,14,4
U101342,app,510,established,established,medium,5024.419619172157,10,5
U101343,app,726,established,established,medium,25067.275096845893,17,4
U101344,ussd,134,established,established,medium,5553.481371384234,21,2
U101345,app,64,established,1-3mo,small,2278.6800018886033,9,3
U101346,app,434,established,established,small,2756.23892261131,12,7
U101347,ussd,771,established,established,small,1149.2090933866905,17,5
U101348,app,248,established,established,small,2012.9520972698338,12,5
U101349,ussd,12,cold_start,new,small,1836.6546416475537,14,6
U101350,ussd,308,established,established,medium,10448.247034744309,17,2
U101351,app,209,established,established,medium,8133.379145764651,17,3
U101352,ussd,778,established,established,medium,5091.495442820901,21,3
U101353,app,211,established,established,small,1037.9748229789975,10,2
U101354,ussd,70,established,1-3mo,medium,6925.345895796015,9,2
U101355,ussd,544,established,established,medium,7232.845160013809,9,4
U101356,app,658,established,established,medium,6112.244235096505,17,9
U101357,app,872,established,established,small,4862.5458752932245,19,2
U101358,app,501,established,established,small,1790.2713821667471,14,2
U101359,app,857,established,established,small,1519.9801760227015,12,5
U101360,app,162,established,established,medium,18730.470749809705,17,6
U101361,ussd,527,established,established,medium,10844.176481436692,17,3
U101362,app,778,established,established,small,3939.78276518506,17,5
U101363,ussd,64,established,1-3mo,small,1546.635789003634,14,5
U101364,app,479,established,established,small,4575.475862297665,17,5
U101365,ussd,194,established,established,small,2365.1079996749218,17,3
U101366,app,12,cold_start,new,medium,7014.165766725602,21,2
U101367,app,885,established,established,small,4281.303709210968,19,2
U101368,ussd,243,established,established,medium,12761.253800464048,12,1
U101369,app,727,established,established,small,1206.662233106724,17,3
U101370,ussd,840,established,established,medium,11122.311388486607,10,5
U101371,app,690,established,established,medium,13593.425600829798,17,3
U101372,ussd,632,established,established,medium,5086.4410453800765,21,3
U101373,ussd,325,established,established,medium,8833.961691776158,17,5
U101374,ussd,808,established,established,small,3553.1361636835168,17,2
U101375,app,462,established,established,medium,8375.02447401472,10,4
U101376,app,466,established,established,medium,7857.846395704369,14,5
U101377,app,130,established,established,small,1873.6720491185042,10,2
U101378,app,460,established,established,small,2894.750300030545,9,5
U101379,app,798,established,established,small,3079.5791181868462,14,1
U101380,ussd,705,established,established,medium,18382.43090129533,14,4
U101381,ussd,69,established,1-3mo,small,4063.424437648652,14,3
U101382,ussd,8,cold_start,new,medium,8989.382565251668,17,8
U101383,app,871,established,established,medium,16656.339030378884,14,2
U101384,app,492,established,established,medium,9327.90525790238,10,4
U101385,ussd,345,established,established,small,1704.065080014585,17,3
U101386,app,519,established,established,medium,7284.877092239912,12,2
U101387,app,544,established,established,small,1972.8818711394465,14,3
U101388,app,638,established,established,medium,17129.50407850112,12,6
U101389,ussd,253,established,established,medium,9461.892457370315,14,3
U101390,ussd,655,established,established,small,2614.0569347350424,21,3
U101391,app,749,established,established,medium,17616.987466418628,17,1
U101392,app,64,established,1-3mo,medium,7604.508611422153,17,4
U101393,app,428,established,established,small,2897.0521284044003,17,4
U101394,app,711,established,established,small,4080.235552640262,12,1
U101395,ussd,627,established,established,small,2429.473692792268,14,2
U101396,app,232,established,established,small,4328.772207260015,14,2
U101397,ussd,281,established,established,small,2357.1985330556145,12,5
U101398,app,352,established,established,medium,6044.882866502153,12,4
U101399,app,766,established,established,medium,22203.70490891877,19,9
U101400,ussd,852,established,established,medium,10402.006017725374,19,5
U101401,app,192,established,established,small,4553.001384240129,17,8
U101402,ussd,321,established,established,medium,7103.138931068967,9,2
U101403,app,473,established,established,medium,8390.639039164033,14,2
U101404,ussd,840,established,established,medium,17539.494084619473,17,4
U101405,app,247,established,established,medium,9669.737223124454,14,3
U101406,app,893,established,established,medium,8582.423785398687,21,2
U101407,ussd,239,established,established,medium,5202.971197850615,17,1
U101408,app,182,established,established,medium,10394.54443247448,17,3
U101409,app,695,established,established,medium,29376.278224406877,19,1
U101410,ussd,1,cold_start,new,medium,6276.506577509011,17,1
U101411,ussd,735,established,established,medium,14257.550374715118,17,5
U101412,ussd,576,established,established,medium,19682.865449741075,19,2
U101413,ussd,804,established,established,small,2038.770780514189,10,4
U101414,ussd,8,cold_start,new,medium,14071.551491142203,9,3
U101415,ussd,422,established,established,medium,5181.933447287058,17,4
U101416,ussd,63,established,1-3mo,medium,9190.867552800506,10,3
U101417,app,9,cold_start,new,small,2668.077392601114,21,5
U101418,app,99,established,established,small,2831.68757227349,10,3
U101419,ussd,400,established,established,small,2934.663794689307,14,3
U101420,ussd,259,established,established,large,31434.283725028363,12,3
U101421,app,775,established,established,small,3871.1881454121008,12,3
U101422,app,395,established,established,medium,6927.327904282554,19,2
U101423,app,541,established,established,medium,5049.715870144791,17,7
U101424,ussd,10,cold_start,new,small,2950.9201253627148,17,2
U101425,ussd,267,established,established,medium,15102.42172989884,21,3
U101426,app,60,established,1-3mo,medium,16937.17126225214,17,2
U101427,ussd,402,established,established,small,3615.5058497234477,19,10
U101428,ussd,603,established,established,medium,11108.543945550315,19,5
U101429,ussd,659,established,established,small,4276.677686109083,10,4
U101430,app,157,established,established,small,1087.436449850436,9,15
U101431,ussd,693,established,established,small,3918.688312342091,21,4
U101432,ussd,91,established,established,small,1543.1052536018992,9,3
U101433,ussd,444,established,established,medium,6667.657129580892,10,1
U101434,app,440,established,established,medium,6326.63672301118,9,6
U101435,ussd,196,established,established,medium,13349.938230103784,19,5
U101436,ussd,396,established,established,medium,7262.614769360917,14,4
U101437,app,779,established,established,medium,7045.311927276914,21,7
U101438,app,379,established,established,small,3333.1730709022454,17,4
U101439,ussd,195,established,established,small,2630.004065780714,9,3
U101440,ussd,424,established,established,medium,5621.601209252561,10,5
U101441,app,764,established,established,small,2889.209323219474,21,3
U101442,app,72,established,1-3mo,small,880.6094127223183,14,5
U101443,app,194,established,established,medium,20367.60737813191,12,4
U101444,ussd,122,established,established,medium,17971.57518304941,14,15
U101445,ussd,632,established,established,small,3897.256945576452,14,2
U101446,app,617,established,established,small,3766.8180825414724,19,5
U101447,app,638,established,established,small,1577.2682014802192,14,2
U101448,app,567,established,established,small,1627.6935174047849,12,5
U101449,app,270,established,established,small,3309.0857837701665,14,2
U101450,ussd,742,established,established,small,3262.3428745236065,10,1
U101451,ussd,420,established,established,small,1849.2310600462768,14,7
U101452,app,368,established,established,small,3624.888450704027,17,6
U101453,app,12,cold_start,new,small,1575.2814454227873,9,7
U101454,app,234,established,established,small,4660.860892401486,19,4
U101455,ussd,181,established,established,medium,11231.135210951574,21,4
U101456,ussd,787,established,established,large,40341.972049582895,17,2
U101457,ussd,177,established,established,small,3999.991204185541,10,2
U101458,app,226,established,established,small,1252.067696328393,10,2
U101459,ussd,430,established,established,small,3729.700444284183,12,4
U101460,app,443,established,established,small,500.0,14,2
U101461,ussd,10,cold_start,new,medium,18861.249201123774,21,9
U101462,ussd,5,cold_start,new,small,4711.045828688351,12,7
U101463,app,470,established,established,small,4428.474430432268,17,4
U101464,ussd,716,established,established,medium,10682.390286906504,10,4
U101465,app,717,established,established,small,4614.579143701136,14,1
U101466,ussd,558,established,established,small,2003.700641247406,9,4
U101467,app,542,established,established,small,1786.3262399220878,10,6
U101468,app,457,established,established,medium,9535.076831944558,21,3
U101469,app,862,established,established,medium,6179.971254660908,10,1
U101470,app,6,cold_start,new,medium,11522.730074496858,12,4
U101471,app,538,established,established,medium,17347.83804013057,14,2
U101472,app,713,established,established,medium,17415.614372427182,14,4
U101473,ussd,621,established,established,medium,18498.073803808533,10,1
U101474,app,594,established,established,medium,9065.819016985852,12,2
U101475,app,281,established,established,medium,19917.20721218369,10,1
U101476,ussd,330,established,established,medium,14278.148797230739,19,2
U101477,ussd,383,established,established,medium,5572.97912504628,12,2
U101478,app,563,established,established,medium,7323.007111562356,17,2
U101479,app,597,established,established,medium,8220.548676169887,12,2
U101480,ussd,1,cold_start,new,small,3896.2015894125716,12,5
U101481,ussd,3,cold_start,new,small,2662.5260142717734,17,1
U101482,app,355,established,established,medium,6429.811102552632,17,6
U101483,ussd,811,established,established,medium,7814.07803590473,9,2
U101484,app,181,established,established,medium,7367.741891793917,12,4
U101485,app,205,established,established,medium,10884.533993091381,12,1
U101486,ussd,353,established,established,medium,12167.431105603753,14,4
U101487,ussd,227,established,established,medium,17001.282265566242,10,2
U101488,ussd,259,established,established,medium,12284.743844560522,17,8
U101489,app,637,established,established,medium,5463.37991823384,9,2
U101490,app,223,established,established,medium,6609.988717553592,21,5
U101491,app,755,established,established,medium,19717.944444815934,10,3
U101492,app,590,established,established,small,4460.342243058076,21,7
U101493,app,897,established,established,small,1569.0228488265832,12,4
U101494,ussd,131,established,established,small,4317.205271289777,19,5
U101495,ussd,821,established,established,small,2021.8349052585556,14,3
U101496,ussd,792,established,established,small,1643.6270094412191,21,7
U101497,app,4,cold_start,new,small,3581.5538444354534,17,3
U101498,app,293,established,established,medium,17619.680752585544,12,2
U101499,ussd,319,established,established,medium,5789.998934645146,14,3
U101500,app,456,established,established,medium,8267.323541515481,14,4
U101501,ussd,350,established,established,medium,5498.521747725829,21,9
U101502,app,331,established,established,medium,24078.812182874008,19,3
U101503,ussd,645,established,established,small,1461.1829356381302,19,5
U101504,ussd,859,established,established,medium,8483.593937709944,21,3
U101505,ussd,888,established,established,small,2074.1210183444628,9,2
U101506,ussd,383,established,established,medium,9978.954127876157,12,2
U101507,ussd,88,established,1-3mo,medium,5419.188915953222,19,5
U101508,app,500,established,established,small,1604.4554681720529,9,5
U101509,ussd,820,established,established,medium,6520.5643630146005,17,3
U101510,ussd,11,cold_start,new,medium,6073.364173290765,19,2
U101511,ussd,362,established,established,medium,9921.64324661874,12,2
U101512,app,536,established,established,medium,8138.242925958774,19,4
U101513,app,425,established,established,small,2571.981361088812,10,2
U101514,ussd,4,cold_start,new,medium,5998.908547485199,19,3
U101515,ussd,462,established,established,medium,6056.371095046078,19,5
U101516,app,3,cold_start,new,small,500.0,14,4
U101517,app,573,established,established,medium,12144.819760964918,9,10
U101518,app,337,established,established,medium,5181.932496940262,19,1
U101519,app,872,established,established,medium,17391.129244121723,19,2
U101520,app,864,established,established,medium,8402.54312581364,19,4
U101521,app,252,established,established,small,1753.6128727394193,19,5
U101522,app,497,established,established,medium,10418.023946323068,9,2
U101523,ussd,439,established,established,medium,7394.412296566796,9,1
U101524,app,13,cold_start,new,medium,6812.322226483392,21,1
U101525,app,603,established,established,medium,20417.74383111791,17,3
U101526,app,13,cold_start,new,medium,6236.392106301946,12,6
U101527,app,352,established,established,small,1972.3164582381123,12,1
U101528,ussd,771,established,established,medium,10212.470516090818,21,5
U101529,ussd,804,established,established,small,3633.186533723126,12,2
U101530,app,401,established,established,large,59180.04436812519,12,4
U101531,app,818,established,established,medium,21951.56183834533,10,2
U101532,app,1,cold_start,new,medium,6013.777085479213,19,3
U101533,app,248,established,established,medium,13782.928767674077,14,3
U101534,app,537,established,established,medium,24434.05849419896,17,2
U101535,app,260,established,established,large,45071.11571505787,19,4
U101536,app,164,established,established,medium,24580.893100748446,12,4
U101537,ussd,419,established,established,medium,13450.260643980911,17,3
U101538,app,131,established,established,medium,11513.659358828678,21,6
U101539,app,10,cold_start,new,medium,9216.903794317821,19,2
U101540,app,134,established,established,medium,6539.781239226792,17,1
U101541,app,570,established,established,medium,13277.789155870061,14,2
U101542,app,311,established,established,medium,15482.927270877091,17,2
U101543,app,9,cold_start,new,medium,10797.551163386875,17,3
U101544,app,748,established,established,small,1664.145853929924,19,2
U101545,app,1,cold_start,new,medium,17807.068233840328,19,3
U101546,ussd,11,cold_start,new,medium,21958.050169807175,19,3
U101547,ussd,4,cold_start,new,large,36779.67319139979,19,4
U101548,app,222,established,established,small,2274.941194537417,10,4
U101549,app,416,established,established,medium,14478.434191336555,10,3
U101550,ussd,690,established,established,medium,10422.698674671254,19,2
U101551,ussd,182,established,established,medium,7270.284178641508,19,2
U101552,app,342,established,established,medium,5014.226958358667,10,2
U101553,app,546,established,established,small,2577.150791534898,9,2
U101554,app,10,cold_start,new,medium,14403.747611332501,19,5
U101555,ussd,750,established,established,small,1959.602709305154,9,3
U101556,app,839,established,established,small,500.0,21,2
U101557,app,607,established,established,small,712.6806154054183,9,3
U101558,app,754,established,established,small,3938.393735239943,17,3
U101559,app,562,established,established,medium,9682.467909008647,21,3
U101560,app,6,cold_start,new,small,3840.274104017616,10,4
U101561,ussd,151,established,established,medium,7154.730495464373,17,2
U101562,ussd,665,established,established,medium,12561.229860445475,21,7
U101563,app,324,established,established,medium,18405.097234138946,9,2
U101564,app,214,established,established,small,2107.5574850723788,9,7
U101565,ussd,754,established,established,medium,9978.272134556384,12,4
U101566,app,823,established,established,small,4443.092012042607,19,2
U101567,app,445,established,established,medium,5663.8706244050545,19,15
U101568,app,2,cold_start,new,medium,7818.863534536043,21,9
U101569,ussd,829,established,established,small,2573.463681853026,12,3
U101570,ussd,445,established,established,medium,8197.816745983208,21,5
U101571,ussd,487,established,established,small,2786.3556987068782,17,2
U101572,ussd,669,established,established,small,4937.822998772423,21,3
U101573,app,128,established,established,medium,6509.2557917881995,21,3
U101574,app,472,established,established,small,4114.01247841233,10,1
U101575,app,9,cold_start,new,small,2247.535240945159,12,4
U101576,ussd,825,established,established,small,1291.0095463124458,19,2
U101577,ussd,668,established,established,medium,11864.824447453444,10,5
U101578,app,485,established,established,medium,10984.069987796083,19,5
U101579,ussd,646,established,established,medium,19623.58960818785,12,4
U101580,app,879,established,established,medium,8753.25464182368,10,6
U101581,app,519,established,established,medium,9491.163298445343,12,2
U101582,app,123,established,established,small,4418.965776963343,19,4
U101583,ussd,781,established,established,medium,14132.880803334032,12,15
U101584,ussd,748,established,established,small,3535.561198608864,19,3
U101585,app,279,established,established,small,4018.5275165810785,12,6
U101586,ussd,450,established,established,medium,12220.071427691959,12,3
U101587,ussd,152,established,established,small,1989.1638256956796,17,1
U101588,ussd,141,established,established,small,1893.2364488401079,10,4
U101589,ussd,1,cold_start,new,small,1315.066309471963,14,9
U101590,app,258,established,established,small,1487.5326376358437,14,4
U101591,ussd,82,established,1-3mo,medium,9284.492374820818,12,3
U101592,ussd,178,established,established,small,3902.6481664710564,10,2
U101593,ussd,368,established,established,small,2942.4234129333317,21,4
U101594,app,832,established,established,small,2952.662041718666,17,4
U101595,ussd,801,established,established,small,4602.671412621315,9,6
U101596,ussd,304,established,established,small,1054.1634083119034,14,4
U101597,app,62,established,1-3mo,small,1643.1109897960825,14,4
U101598,ussd,877,established,established,medium,11413.530997345399,14,4
U101599,app,253,established,established,small,2824.344265196119,14,2
U101600,app,899,established,established,medium,6614.166163204162,9,7
U101601,app,229,established,established,small,4415.271235559964,14,13
U101602,ussd,6,cold_start,new,medium,14914.711272164492,21,5
U101603,ussd,646,established,established,small,4627.4294189596085,14,3
U101604,app,9,cold_start,new,small,1619.888699464441,19,3
U101605,ussd,118,established,established,medium,8137.715259116189,17,3
U101606,app,196,established,established,medium,7521.796629253267,14,4
U101607,app,790,established,established,small,3771.084719629302,17,4
U101608,ussd,613,established,established,small,3326.783094720302,19,2
U101609,ussd,445,established,established,small,1976.9450848059382,19,12
U101610,ussd,513,established,established,small,1500.829910428698,21,2
U101611,ussd,764,established,established,medium,5613.423197621885,17,5
U101612,ussd,578,established,established,medium,7721.2455428274925,10,2
U101613,app,898,established,established,small,4453.550524970034,14,1
U101614,app,92,established,established,medium,8557.566285685649,21,3
U101615,app,2,cold_start,new,small,4898.609799458267,21,10
U101616,ussd,670,established,established,small,2866.9643850242446,19,4
U101617,ussd,714,established,established,small,2170.580922612262,17,1
U101618,ussd,454,established,established,medium,5781.06648703285,12,1
U101619,app,389,established,established,small,3862.7216397864145,19,2
U101620,app,332,established,established,small,3919.7203227668283,9,1
U101621,ussd,113,established,established,large,37730.585679030984,17,1
U101622,ussd,313,established,established,small,2790.665550504199,10,3
U101623,app,869,established,established,medium,5501.535187871168,10,5
U101624,app,893,established,established,large,34799.60662033348,21,5
U101625,app,541,established,established,small,2787.5349765133587,14,3
U101626,app,607,established,established,small,3255.510255297094,12,5
U101627,app,419,established,established,small,3593.0502292913643,17,3
U101628,app,359,established,established,medium,6537.485467853531,9,6
U101629,ussd,153,established,established,small,4171.333957459534,12,2
U101630,app,635,established,established,small,1271.7551955609335,12,4
U101631,app,658,established,established,medium,5317.696932190431,17,6
U101632,app,534,established,established,medium,9548.13681079926,19,8
U101633,ussd,586,established,established,small,4749.072609853691,9,2
U101634,app,578,established,established,small,1062.963917636438,17,3
U101635,app,746,established,established,small,2585.504352688033,19,3
U101636,app,595,established,established,medium,12594.21323684753,12,3
U101637,ussd,770,established,established,medium,14229.936842626548,19,3
U101638,ussd,357,established,established,small,3207.388040528775,21,6
U101639,app,552,established,established,small,4843.089114291448,14,3
U101640,app,148,established,established,small,3345.5310041183666,21,2
U101641,app,724,established,established,medium,16624.59656677326,19,4
U101642,ussd,500,established,established,medium,13711.45284202892,17,2
U101643,ussd,157,established,established,medium,19386.46812434704,12,12
U101644,app,897,established,established,small,4733.524129928993,12,4
U101645,app,422,established,established,small,4572.595318232871,10,3
U101646,ussd,433,established,established,medium,6702.3063556092375,12,1
U101647,ussd,460,established,established,medium,16683.650395278113,10,4
U101648,app,8,cold_start,new,small,2671.9728208917336,19,3
U101649,app,4,cold_start,new,medium,11261.090392386775,12,2
U101650,app,483,established,established,medium,6497.515094556063,19,6
U101651,ussd,887,established,established,small,3849.2731040699687,17,5
U101652,ussd,225,established,established,medium,7479.318101700077,19,5
U101653,ussd,6,cold_start,new,small,2011.1282761328584,14,6
U101654,ussd,710,established,established,small,2269.673438255252,9,3
U101655,app,808,established,established,medium,8075.62604645721,9,3
U101656,app,386,established,established,small,1095.2241946821298,19,2
U101657,app,180,established,established,small,4205.853933366582,14,4
U101658,ussd,164,established,established,small,3667.9399998005824,10,6
U101659,ussd,13,cold_start,new,medium,12631.722791485356,9,2
U101660,app,756,established,established,small,2623.261375961814,10,5
U101661,app,154,established,established,small,2496.8987827950773,9,2
U101662,ussd,349,established,established,medium,8657.205175874431,10,3
U101663,ussd,285,established,established,small,2938.684594727815,19,3
U101664,ussd,420,established,established,medium,9786.995119197223,12,1
U101665,app,693,established,established,medium,11163.452009494153,9,8
U101666,ussd,715,established,established,large,32936.06210523618,17,3
U101667,ussd,158,established,established,small,3583.9299136886516,10,3
U101668,ussd,144,established,established,medium,5647.174518415149,14,8
U101669,ussd,769,established,established,small,1883.9776696857423,19,4
U101670,ussd,272,established,established,small,3866.6807778855064,19,2
U101671,ussd,75,established,1-3mo,small,3774.348377925918,12,3
U101672,ussd,449,established,established,medium,13967.708311696117,12,2
U101673,app,872,established,established,small,2358.555898812152,17,2
U101674,app,61,established,1-3mo,small,2069.642271120987,14,2
U101675,ussd,761,established,established,medium,11489.874187739522,10,3
U101676,ussd,399,established,established,medium,6315.132329507583,12,2
U101677,app,295,established,established,medium,9421.20222045477,9,3
U101678,app,86,established,1-3mo,medium,14070.987378285045,12,2
U101679,ussd,2,cold_start,new,medium,5822.34121719414,21,4
U101680,ussd,3,cold_start,new,small,4388.434770722627,21,6
U101681,ussd,3,cold_start,new,medium,17879.138219446995,9,5
U101682,app,7,cold_start,new,medium,18869.552609756785,10,11
U101683,ussd,805,established,established,small,2398.2119609863294,12,2
U101684,ussd,132,established,established,small,2225.688414437688,17,2
U101685,app,499,established,established,small,3208.830825912039,14,3
U101686,app,257,established,established,medium,8818.885435207556,17,5
U101687,ussd,646,established,established,medium,6298.010246897392,14,2
U101688,app,557,established,established,small,3346.503686310782,21,2
U101689,ussd,132,established,established,large,35785.38371817049,19,7
U101690,ussd,310,established,established,small,2241.2229632631397,14,4
U101691,ussd,717,established,established,medium,6261.574199016892,21,4
U101692,app,524,established,established,medium,8018.932981614014,19,5
U101693,ussd,873,established,established,medium,7101.132131304757,12,1
U101694,app,843,established,established,medium,10150.646590281796,9,3
U101695,ussd,225,established,established,small,3437.169975132833,19,2
U101696,app,596,established,established,small,546.8687753843949,12,4
U101697,ussd,530,established,established,medium,6888.1112989817075,17,5
U101698,ussd,633,established,established,medium,5158.330736433883,10,2
U101699,app,11,cold_start,new,medium,8329.37426396118,12,4
U101700,app,770,established,established,small,2984.611926141109,19,1
U101701,ussd,893,established,established,medium,5541.899228670229,9,3
U101702,app,845,established,established,medium,8351.27021025842,19,2
U101703,app,483,established,established,small,3304.6601441814646,19,2
U101704,app,206,established,established,medium,6394.544603057562,12,8
U101705,ussd,139,established,established,small,1830.503944061904,10,4
U101706,ussd,6,cold_start,new,small,2585.4864314356755,17,3
U101707,app,583,established,established,small,1495.635711727916,19,4
U101708,ussd,143,established,established,small,3113.8908477293735,19,2
U101709,app,710,established,established,medium,6632.688036551349,12,2
U101710,app,159,established,established,small,511.2924309000197,19,5
U101711,app,831,established,established,small,3809.17293568556,19,3
U101712,app,2,cold_start,new,medium,5455.575624043363,10,2
U101713,app,430,established,established,small,2676.892195010087,10,4
U101714,ussd,826,established,established,small,962.4626804170523,12,6
U101715,app,520,established,established,small,1025.186000116694,12,3
U101716,ussd,166,established,established,medium,5335.136902314763,12,2
U101717,app,513,established,established,medium,9270.015501844175,21,3
U101718,app,444,established,established,small,2789.4086937046263,14,5
U101719,app,13,cold_start,new,small,897.5339102324966,14,2
U101720,ussd,364,established,established,small,1159.6924034170083,12,3
U101721,ussd,142,established,established,medium,9290.06863296287,12,4
U101722,app,649,established,established,small,3024.737133542925,17,4
U101723,app,503,established,established,medium,10350.143876091712,19,2
U101724,app,564,established,established,medium,18278.352902570183,17,3
U101725,ussd,277,established,established,medium,12980.296954160603,19,3
U101726,app,6,cold_start,new,medium,16477.017801256654,9,5
U101727,ussd,785,established,established,small,3700.592087564228,9,3
U101728,app,350,established,established,medium,9322.066081669103,21,7
U101729,app,429,established,established,medium,13941.851872868412,14,1
U101730,ussd,96,established,established,small,2317.458633673543,14,3
U101731,app,459,established,established,medium,6093.554745388207,10,2
U101732,app,659,established,established,small,2551.865680017225,14,1
U101733,ussd,459,established,established,small,1134.6322784246254,12,3
U101734,app,366,established,established,small,3925.6112746266713,12,2
U101735,app,427,established,established,medium,10494.731735428197,9,1
U101736,app,12,cold_start,new,small,3707.912849150537,19,4
U101737,app,569,established,established,small,500.0,21,2
U101738,ussd,567,established,established,medium,9809.465642015151,19,2
U101739,app,232,established,established,medium,5515.875690447017,12,5
U101740,ussd,632,established,established,medium,16336.973721690276,14,1
U101741,ussd,849,established,established,medium,7900.720022703111,21,6
U101742,ussd,744,established,established,medium,17620.46619608932,10,6
U101743,ussd,433,established,established,medium,9344.617087344277,10,2
U101744,ussd,775,established,established,small,3498.846571423665,19,5
U101745,ussd,463,established,established,medium,11548.842912028038,14,3
U101746,app,299,established,established,small,4166.458325048984,19,4
U101747,app,858,established,established,medium,17744.306731127825,19,5
U101748,ussd,154,established,established,small,2609.3295600995157,9,4
U101749,app,835,established,established,small,4801.432179532196,14,2
U101750,ussd,160,established,established,small,2289.429759210639,21,7
U101751,app,230,established,established,medium,8176.3989016281375,12,3
U101752,ussd,389,established,established,small,1124.5680324563439,12,5
U101753,app,194,established,established,small,2519.9767263116037,14,4
U101754,ussd,711,established,established,small,3616.117790289678,14,2
U101755,app,707,established,established,small,1885.6626411355696,14,5
U101756,app,68,established,1-3mo,medium,12637.007375174206,19,2
U101757,ussd,242,established,established,medium,24737.759462876034,14,2
U101758,ussd,192,established,established,medium,5343.8578650925465,19,6
U101759,ussd,13,cold_start,new,medium,7167.249352176099,12,3
U101760,ussd,1,cold_start,new,medium,9550.359002945954,9,3
U101761,app,281,established,established,medium,15237.411720087763,19,7
U101762,ussd,522,established,established,small,4963.076357873973,9,3
U101763,app,288,established,established,medium,5705.136113894446,14,6
U101764,ussd,822,established,established,medium,17720.98845112969,12,4
U101765,app,175,established,established,small,2592.8043085933487,14,4
U101766,app,420,established,established,medium,8461.7216272881,10,6
U101767,ussd,349,established,established,small,1577.9109939503116,10,4
U101768,ussd,11,cold_start,new,medium,25623.89555484042,9,2
U101769,app,713,established,established,medium,10565.22263608301,19,3
U101770,ussd,693,established,established,medium,24349.22858741398,10,1
U101771,ussd,599,established,established,small,4265.520407883647,14,3
U101772,app,103,established,established,medium,6129.546892972556,21,3
U101773,ussd,741,established,established,small,4010.894122367151,12,2
U101774,app,393,established,established,medium,6487.557444714684,10,4
U101775,app,1,cold_start,new,small,3165.1005977381255,17,4
U101776,ussd,663,established,established,small,2624.3689305936086,12,4
U101777,app,329,established,established,small,2374.8838810172538,14,5
U101778,app,665,established,established,large,73776.32207949116,9,2
U101779,ussd,164,established,established,small,3347.0511859404423,14,3
U101780,app,263,established,established,small,2600.787345217618,9,3
U101781,ussd,493,established,established,small,3537.4411101216597,9,5
U101782,ussd,711,established,established,medium,8920.40877631493,17,4
U101783,app,379,established,established,small,4387.392814270255,14,2
U101784,ussd,308,established,established,medium,12949.428745005758,17,2
U101785,app,457,established,established,small,1918.5865740724203,17,7
U101786,ussd,258,established,established,small,3933.6347883934377,9,3
U101787,app,598,established,established,medium,11575.737840507409,19,2
U101788,ussd,174,established,established,small,4181.093518815832,14,7
U101789,app,280,established,established,small,4474.053151971251,19,4
U101790,ussd,270,established,established,small,1402.416934450014,12,7
U101791,app,859,established,established,medium,6908.782132132088,12,4
U101792,app,441,established,established,small,4727.354990457897,10,5
U101793,app,888,established,established,small,2379.207358112689,19,7
U101794,ussd,221,established,established,small,1760.660697339545,12,1
U101795,ussd,137,established,established,small,2407.215386885275,19,4
U101796,app,8,cold_start,new,medium,11006.420713778281,9,5
U101797,app,584,established,established,medium,6319.025335923731,9,3
U101798,app,464,established,established,small,1917.3733343986141,17,5
U101799,app,754,established,established,medium,5745.664739708005,19,2
U101800,ussd,284,established,established,medium,24865.093590484987,19,3
U101801,ussd,853,established,established,medium,15491.928867884762,21,3
U101802,ussd,793,established,established,medium,10966.80306513092,10,2
U101803,app,271,established,established,medium,6611.103204220472,19,7
U101804,app,331,established,established,small,1243.0779417375256,9,4
U101805,ussd,141,established,established,small,2665.3791180513017,17,2
U101806,app,13,cold_start,new,small,1717.0745986308466,21,2
U101807,ussd,168,established,established,small,3865.3572813459,17,4
U101808,app,675,established,established,medium,16290.338069195403,12,1
U101809,app,3,cold_start,new,small,1905.5440038808135,9,2
U101810,ussd,335,established,established,small,2356.5137191364006,19,3
U101811,app,718,established,established,medium,6568.455235199225,12,2
U101812,ussd,85,established,1-3mo,small,1253.6952651301683,10,3
U101813,app,617,established,established,small,1789.3318039114033,12,4
U101814,app,344,established,established,medium,9676.39894162455,17,3
U101815,app,83,established,1-3mo,small,2051.180646573249,17,3
U101816,app,575,established,established,medium,9156.567564381194,17,3
U101817,ussd,344,established,established,small,1035.5670480923698,21,6
U101818,app,614,established,established,small,1284.0200873975336,17,4
U101819,ussd,816,established,established,small,3811.532890984186,17,4
U101820,ussd,277,established,established,medium,6498.57540975093,10,2
U101821,app,125,established,established,medium,13569.795409698141,19,3
U101822,app,844,established,established,small,4965.709752143602,9,4
U101823,app,152,established,established,medium,23498.631398855494,12,1
U101824,ussd,754,established,established,small,2849.4613099125686,19,2
U101825,ussd,895,established,established,medium,10588.594587341971,21,6
U101826,app,844,established,established,medium,24950.651958493134,10,8
U101827,ussd,733,established,established,small,520.089986993236,19,2
U101828,app,447,established,established,small,2121.077779767529,14,5
U101829,app,337,established,established,small,1111.0209118731864,21,2
U101830,app,270,established,established,medium,10804.910851141642,17,4
U101831,ussd,345,established,established,small,2793.8052697313465,17,7
U101832,app,797,established,established,small,2386.1360731838176,12,5
U101833,app,805,established,established,small,2559.703264910059,12,3
U101834,app,404,established,established,small,1461.4191793629607,12,3
U101835,ussd,665,established,established,small,3457.047128510201,17,2
U101836,app,69,established,1-3mo,medium,7718.343117386143,19,2
U101837,app,543,established,established,medium,6027.12558448391,17,3
U101838,app,696,established,established,medium,5409.351662181554,14,4
U101839,ussd,692,established,established,small,1669.1317061779177,10,4
U101840,app,569,established,established,small,3744.8238236695433,19,1
U101841,ussd,691,established,established,small,1544.8004553332514,12,6
U101842,app,12,cold_start,new,small,1977.9001899855555,12,2
U101843,app,799,established,established,small,3104.8936015293334,10,2
U101844,ussd,786,established,established,small,1239.9126375970427,9,9
U101845,ussd,887,established,established,medium,6057.162016420814,14,12
U101846,app,519,established,established,medium,7330.4334455534945,10,4
U101847,ussd,597,established,established,medium,5694.774634599772,12,3
U101848,ussd,731,established,established,medium,7573.3163604704405,19,3
U101849,app,498,established,established,small,3052.12185162689,19,5
U101850,ussd,11,cold_start,new,medium,10994.312201237586,19,3
U101851,ussd,793,established,established,medium,5733.8671960646225,14,5
U101852,app,179,established,established,small,1035.9670605575363,12,3
U101853,ussd,559,established,established,small,4475.275050195521,17,9
U101854,app,703,established,established,small,2878.178127403445,14,3
U101855,app,498,established,established,small,3057.2741517344334,17,3
U101856,ussd,84,established,1-3mo,medium,17060.665045907477,17,3
U101857,ussd,182,established,established,medium,9121.100524999943,17,1
U101858,ussd,654,established,established,small,2153.489465432917,14,3
U101859,ussd,799,established,established,small,2181.6154028530264,12,9
U101860,ussd,448,established,established,medium,5044.659666169106,19,2
U101861,app,791,established,established,medium,5681.155067162207,14,2
U101862,ussd,256,established,established,small,3827.772973107723,17,3
U101863,ussd,452,established,established,small,4123.26362286697,19,3
U101864,ussd,864,established,established,medium,13310.99708566174,21,3
U101865,app,11,cold_start,new,large,43476.13093195473,19,6
U101866,app,69,established,1-3mo,medium,5101.048861178359,10,3
U101867,app,63,established,1-3mo,small,1661.2195740025923,10,3
U101868,app,304,established,established,small,1035.321296534154,12,2
U101869,app,74,established,1-3mo,small,2880.847682826079,21,3
U101870,ussd,288,established,established,small,3069.2885997267394,19,2
U101871,ussd,627,established,established,small,4860.739797533068,9,2
U101872,app,407,established,established,small,1860.7371446751763,14,4
U101873,app,502,established,established,small,3071.3099820711955,12,4
U101874,ussd,723,established,established,small,2878.8614092987286,17,7
U101875,app,524,established,established,small,1777.9391126776977,21,2
U101876,ussd,679,established,established,small,2636.552974991127,9,1
U101877,app,7,cold_start,new,medium,10121.72283464746,21,2
U101878,app,655,established,established,small,2940.514501710601,17,2
U101879,app,1,cold_start,new,small,3367.362919621812,9,3
U101880,ussd,542,established,established,medium,6194.312186094978,14,3
U101881,app,204,established,established,medium,7686.725218226279,10,2
U101882,ussd,375,established,established,medium,9827.641292341897,12,7
U101883,app,668,established,established,medium,5751.300268345447,21,4
U101884,app,535,established,established,small,2102.3845156531556,17,2
U101885,ussd,249,established,established,small,4897.409664155213,14,2
U101886,app,689,established,established,small,3110.299529247695,12,4
U101887,app,12,cold_start,new,medium,23630.613862453527,10,3
U101888,ussd,196,established,established,medium,6319.063205331079,17,2
U101889,ussd,65,established,1-3mo,small,3269.7929680211214,17,9
U101890,app,804,established,established,medium,11351.485851865466,9,6
U101891,app,739,established,established,small,3408.6047278149777,10,1
U101892,ussd,195,established,established,small,2696.149579616433,21,2
U101893,ussd,595,established,established,small,4467.497354254991,10,2
U101894,ussd,218,established,established,small,2759.0022825777723,21,6
U101895,ussd,125,established,established,medium,6900.094207059115,19,3
U101896,ussd,299,established,established,medium,5246.5872249461,14,2
U101897,app,72,established,1-3mo,medium,9066.678013533701,19,3
U101898,app,575,established,established,medium,8595.488126096423,12,2
U101899,ussd,383,established,established,medium,5189.616983525723,12,5
U101900,ussd,84,established,1-3mo,medium,26438.146653100885,17,3
U101901,ussd,856,established,established,medium,8875.094945152054,12,5
U101902,ussd,893,established,established,medium,12581.868975776495,12,1
U101903,app,125,established,established,small,2393.322108715061,19,2
U101904,app,575,established,established,medium,13293.871361562427,12,6
U101905,ussd,476,established,established,medium,9205.26146026796,19,2
U101906,app,9,cold_start,new,medium,5252.263635010649,14,5
U101907,ussd,11,cold_start,new,small,2847.976883547282,9,4
U101908,ussd,245,established,established,small,4147.551552687382,12,2
U101909,app,679,established,established,small,3712.9404497164405,17,4
U101910,ussd,343,established,established,medium,13269.645326674847,9,3
U101911,ussd,230,established,established,medium,8391.83197918959,12,9
U101912,ussd,769,established,established,small,2093.059076437619,19,4
U101913,app,374,established,established,medium,8614.138953995998,12,2
U101914,ussd,484,established,established,small,2439.477810411332,9,3
U101915,app,165,established,established,small,2916.7422361104263,12,2
U101916,ussd,324,established,established,medium,20772.61758115483,21,3
U101917,app,126,established,established,small,4123.347448543397,12,2
U101918,ussd,66,established,1-3mo,medium,14930.743416213363,14,10
U101919,ussd,268,established,established,small,2275.2297508328074,21,4
U101920,ussd,11,cold_start,new,medium,17850.941794021182,10,2
U101921,ussd,172,established,established,medium,11299.046803431802,17,1
U101922,app,833,established,established,medium,5835.639550800359,12,1
U101923,ussd,829,established,established,medium,9607.926380152809,9,6
U101924,app,6,cold_start,new,large,48722.83829361663,19,6
U101925,ussd,864,established,established,medium,5248.62702876605,19,4
U101926,app,438,established,established,medium,14506.249095726962,12,7
U101927,ussd,579,established,established,medium,7893.809789515383,17,4
U101928,app,339,established,established,small,1285.7640285618531,21,9
U101929,ussd,769,established,established,small,3668.509571672741,19,3
U101930,ussd,624,established,established,small,3213.3823346334602,10,4
U101931,app,301,established,established,medium,6406.3066148767375,17,3
U101932,app,185,established,established,small,2389.3015801985453,9,5
U101933,ussd,646,established,established,medium,7646.832407464337,19,1
U101934,ussd,201,established,established,small,726.621287088392,19,2
U101935,app,688,established,established,small,2944.0291521458707,19,3
U101936,app,323,established,established,medium,8227.963059139,9,3
U101937,app,10,cold_start,new,small,500.0,12,3
U101938,ussd,10,cold_start,new,medium,5885.499895310209,19,4
U101939,ussd,74,established,1-3mo,small,3116.895101308383,12,3
U101940,app,592,established,established,small,1244.7313106039724,17,3
U101941,ussd,5,cold_start,new,medium,5987.200877903814,17,3
U101942,ussd,353,established,established,small,504.6539160784438,10,6
U101943,ussd,520,established,established,small,2753.3142598108057,12,9
U101944,app,619,established,established,small,729.4936312239992,14,4
U101945,app,506,established,established,small,3262.6112520199435,19,4
U101946,app,79,established,1-3mo,medium,9574.004555022542,19,4
U101947,app,892,established,established,medium,10995.18696992659,10,3
U101948,app,257,established,established,medium,6820.293400523466,10,5
U101949,app,386,established,established,medium,14849.600018715035,19,3
U101950,app,850,established,established,medium,13102.495374158758,12,5
U101951,ussd,364,established,established,medium,15805.319814536255,9,2
U101952,app,348,established,established,medium,26593.810327628158,12,4
U101953,ussd,418,established,established,small,1824.236980941047,14,2
U101954,app,669,established,established,medium,15550.655628316363,19,4
U101955,ussd,784,established,established,medium,24020.21961221492,14,4
U101956,app,1,cold_start,new,small,3799.253192534559,10,2
U101957,ussd,358,established,established,small,2591.5041900215624,9,3
U101958,ussd,271,established,established,medium,21823.22992393598,21,3
U101959,app,192,established,established,medium,11729.093374650494,21,3
U101960,ussd,10,cold_start,new,small,2030.8575616346818,14,2
U101961,app,126,established,established,medium,5014.854593783014,9,1
U101962,ussd,9,cold_start,new,small,1420.5875333309648,10,3
U101963,app,571,established,established,medium,6429.6127197890255,12,1
U101964,app,531,established,established,medium,14285.338399516311,9,5
U101965,app,408,established,established,medium,7282.249643689858,10,2
U101966,ussd,175,established,established,medium,16719.87865942592,9,3
U101967,app,489,established,established,small,2772.2500548534304,19,4
U101968,ussd,235,established,established,medium,9057.637401810873,9,6
U101969,app,511,established,established,small,1228.8759647639179,12,1
U101970,app,604,established,established,medium,5298.167804325819,21,4
U101971,app,823,established,established,medium,5696.4924484693565,19,3
U101972,ussd,2,cold_start,new,small,4660.622605225885,12,10
U101973,ussd,366,established,established,large,46686.51792973669,21,2
U101974,app,765,established,established,medium,9387.15409022071,9,3
U101975,ussd,571,established,established,medium,7569.6044539301465,14,2
U101976,app,267,established,established,small,761.4195345858316,19,2
U101977,app,831,established,established,small,1764.0295761403568,12,3
U101978,ussd,256,established,established,small,2971.653821548604,10,2
U101979,app,315,established,established,medium,13843.62035384827,17,3
U101980,app,724,established,established,small,1603.6367724341114,17,2
U101981,ussd,819,established,established,small,1334.154723732729,12,1
U101982,app,314,established,established,small,2281.570611266607,10,3
U101983,ussd,760,established,established,medium,11614.872050720161,10,3
U101984,ussd,459,established,established,medium,6461.292508617301,14,4
U101985,ussd,674,established,established,small,4283.499983442821,12,4
U101986,ussd,882,established,established,medium,6997.676015081597,17,4
U101987,ussd,64,established,1-3mo,medium,6111.435857778862,19,4
U101988,app,657,established,established,medium,9063.34584539418,9,3
U101989,ussd,662,established,established,medium,24009.46647818155,14,6
U101990,ussd,433,established,established,small,1385.91484717671,17,4
U101991,ussd,137,established,established,small,4906.74110675236,21,2
U101992,app,13,cold_start,new,small,2801.693781103024,19,5
U101993,ussd,567,established,established,small,4568.972288863964,10,5
U101994,ussd,623,established,established,medium,11948.821906212674,12,4
U101995,app,5,cold_start,new,large,41743.642161884934,9,5
U101996,ussd,716,established,established,small,778.6850082409962,14,2
U101997,app,312,established,established,small,4730.891127879932,12,6
U101998,app,132,established,established,medium,14715.268830133306,17,4
U101999,ussd,745,established,established,small,1949.1665658158095,19,5
U102000,app,531,established,established,medium,12077.978354893661,12,2
U102001,app,204,established,established,small,2589.1645491449867,19,1
U102002,app,802,established,established,medium,17249.124812661612,10,3
U102003,app,440,established,established,medium,5851.965758498608,9,7
U102004,ussd,134,established,established,medium,5305.738767003097,12,5
U102005,ussd,861,established,established,small,4655.859239776321,14,4
U102006,ussd,881,established,established,medium,5702.711362694563,17,3
U102007,app,607,established,established,small,2517.323927860851,14,9
U102008,ussd,88,established,1-3mo,small,2987.1969867407374,17,3
U102009,ussd,135,established,established,small,3382.6989170153533,17,5
U102010,ussd,234,established,established,small,4820.222980510965,17,3
U102011,app,338,established,established,medium,7782.31031224636,19,2
U102012,app,544,established,established,small,2229.261108656462,17,11
U102013,ussd,761,established,established,medium,8845.97716973554,17,4
U102014,ussd,578,established,established,medium,9248.077249708236,10,3
U102015,app,472,established,established,medium,7559.795859342628,14,4
U102016,ussd,823,established,established,small,1940.029914899403,10,5
U102017,app,142,established,established,small,2977.3864340745163,9,7
U102018,app,594,established,established,medium,12335.820723164703,12,6
U102019,ussd,828,established,established,small,724.9051488046728,14,2
U102020,ussd,718,established,established,medium,9696.184415325784,12,10
U102021,app,833,established,established,small,698.8040536577284,9,6
U102022,ussd,882,established,established,medium,6476.314321280245,10,6
U102023,ussd,493,established,established,medium,5784.058805975669,19,3
U102024,app,61,established,1-3mo,medium,14366.333346493953,14,4
U102025,ussd,765,established,established,medium,11845.285936205997,12,5
U102026,ussd,240,established,established,medium,6416.766270619923,12,3
U102027,ussd,850,established,established,medium,9748.87977358663,17,6
U102028,ussd,826,established,established,medium,9046.848100400179,12,4
U102029,ussd,660,established,established,small,1171.1965471722813,14,3
U102030,app,294,established,established,medium,5823.270847717166,21,5
U102031,app,10,cold_start,new,small,4887.929348382727,14,4
U102032,ussd,69,established,1-3mo,medium,25798.987380076258,17,2
U102033,ussd,591,established,established,medium,8415.13249140748,17,2
U102034,app,123,established,established,small,3663.474869143867,19,11
U102035,app,581,established,established,medium,5363.092886461121,14,7
U102036,ussd,660,established,established,medium,17205.06914344305,14,4
U102037,app,601,established,established,small,2372.9115549345915,9,2
U102038,app,246,established,established,small,1670.3737575472005,19,5
U102039,ussd,890,established,established,medium,17991.58859243427,10,5
U102040,ussd,281,established,established,small,1974.1538879710072,14,4
U102041,ussd,649,established,established,medium,6968.645647194956,19,3
U102042,ussd,1,cold_start,new,small,2176.320590023217,12,2
U102043,app,357,established,established,small,4052.5347072787763,10,2
U102044,ussd,632,established,established,medium,15152.525513169423,9,12
U102045,app,537,established,established,medium,13290.427117615269,14,3
U102046,app,557,established,established,small,2154.0661064293818,17,9
U102047,ussd,776,established,established,small,4774.076810209383,10,2
U102048,ussd,413,established,established,medium,7295.350974353753,12,2
U102049,ussd,249,established,established,small,2346.3663645984298,17,1
U102050,app,527,established,established,medium,26003.2809120634,19,5
U102051,ussd,512,established,established,medium,8551.701719694647,12,3
U102052,ussd,297,established,established,small,1814.7996052441522,21,2
U102053,ussd,873,established,established,medium,5036.555117067822,12,2
U102054,ussd,266,established,established,large,44886.92380140267,12,5
U102055,app,430,established,established,small,4765.977643891936,14,3
U102056,ussd,85,established,1-3mo,medium,8739.828652951328,12,6
U102057,ussd,222,established,established,medium,11050.686745336841,10,3
U102058,ussd,97,established,established,medium,13956.947843587823,9,2
U102059,ussd,449,established,established,medium,16354.120999145225,12,4
U102060,ussd,549,established,established,medium,27366.110420069846,17,4
U102061,app,700,established,established,small,2116.1052886473026,10,1
U102062,app,496,established,established,medium,9181.604733771643,9,2
U102063,ussd,487,established,established,small,4473.63012458945,10,3
U102064,ussd,13,cold_start,new,medium,6008.502191015886,12,3
U102065,ussd,339,established,established,small,3117.704649952556,19,3
U102066,app,644,established,established,medium,12509.039456387487,9,2
U102067,app,158,established,established,medium,18132.662701481564,17,3
U102068,ussd,213,established,established,small,4154.718862560764,19,3
U102069,ussd,191,established,established,medium,5123.246161722418,9,3
U102070,app,754,established,established,small,3033.4088651300826,10,3
U102071,ussd,884,established,established,small,3310.6792775563094,17,3
U102072,app,259,established,established,small,2598.905364622239,21,2
U102073,app,774,established,established,small,908.5116062494417,19,3
U102074,app,74,established,1-3mo,small,3234.8179922569507,21,6
U102075,app,388,established,established,large,30682.29324849974,10,3
U102076,app,610,established,established,medium,10857.182984259663,17,3
U102077,ussd,1,cold_start,new,small,3920.9806751145907,21,3
U102078,ussd,257,established,established,medium,5976.154850534664,17,3
U102079,ussd,67,established,1-3mo,medium,9420.781045916026,14,2
U102080,app,144,established,established,large,33890.04047357375,10,2
U102081,app,795,established,established,small,2732.18591979212,9,3
U102082,app,64,established,1-3mo,small,2759.0713067439074,19,2
U102083,ussd,628,established,established,small,1591.1304946009002,17,3
U102084,app,8,cold_start,new,small,2554.4254136877134,17,5
U102085,ussd,862,established,established,medium,17227.28280328243,14,3
U102086,ussd,88,established,1-3mo,medium,8148.563576715137,19,3
U102087,ussd,548,established,established,small,814.1650773545415,10,4
U102088,app,11,cold_start,new,medium,27680.37231983861,12,4
U102089,ussd,111,established,established,small,4211.683609253839,14,3
U102090,app,721,established,established,medium,13986.994455116528,10,4
U102091,app,216,established,established,medium,11617.469223499455,17,4
U102092,ussd,825,established,established,medium,6856.575103427415,14,3
U102093,ussd,4,cold_start,new,small,3010.20728111615,12,4
U102094,ussd,298,established,established,small,4011.305343100929,17,2
U102095,app,892,established,established,small,2851.4224677303905,19,2
U102096,ussd,10,cold_start,new,small,3376.7484202059118,17,3
U102097,ussd,661,established,established,medium,16294.593640877809,17,2
U102098,app,559,established,established,small,3608.54349314649,10,4
U102099,ussd,485,established,established,medium,7498.991875562512,21,4
U102100,app,785,established,established,medium,6707.098516233977,12,10
U102101,ussd,533,established,established,medium,6280.597311918485,19,3
U102102,ussd,439,established,established,small,2049.0192197061842,21,3
U102103,ussd,264,established,established,medium,16501.958890558268,10,3
U102104,ussd,2,cold_start,new,medium,8356.561989444537,14,2
U102105,app,811,established,established,small,3281.371747416496,9,4
U102106,ussd,1,cold_start,new,medium,7944.520407989969,10,3
U102107,ussd,667,established,established,small,3812.470327935696,17,5
U102108,app,133,established,established,small,4386.852929228809,12,3
U102109,app,725,established,established,small,2919.4570759533876,17,2
U102110,ussd,466,established,established,medium,8027.999158055314,17,7
U102111,ussd,629,established,established,small,3919.425393900164,9,4
U102112,ussd,135,established,established,medium,6282.089709345295,10,4
U102113,ussd,871,established,established,medium,6872.294204121682,21,4
U102114,ussd,4,cold_start,new,small,2935.966710622747,19,4
U102115,app,187,established,established,small,2780.118970149658,9,4
U102116,app,827,established,established,medium,6165.119735924465,19,7
U102117,ussd,533,established,established,medium,9119.28016451799,21,8
U102118,ussd,518,established,established,medium,11463.621616110371,17,2
U102119,ussd,445,established,established,medium,19281.828230665033,10,2
U102120,ussd,856,established,established,small,1632.0118043020352,21,3
U102121,ussd,219,established,established,small,2038.8110242337184,17,2
U102122,ussd,804,established,established,small,2283.2443999971156,21,2
U102123,ussd,858,established,established,medium,12138.649095178896,21,3
U102124,app,61,established,1-3mo,medium,5630.613424775973,17,3
U102125,ussd,861,established,established,small,4908.912656844306,14,2
U102126,ussd,678,established,established,medium,13363.443860255296,14,6
U102127,app,538,established,established,medium,9490.674801532326,21,4
U102128,ussd,755,established,established,small,2279.9428247176506,10,3
U102129,ussd,564,established,established,small,3360.1819482984206,17,2
U102130,ussd,169,established,established,small,3290.7274174574886,14,5
U102131,ussd,178,established,established,small,4195.409951944888,10,2
U102132,app,667,established,established,small,4489.106048642739,12,5
U102133,app,816,established,established,medium,6366.78311086018,19,7
U102134,app,532,established,established,small,4254.854026665769,19,3
U102135,app,195,established,established,medium,7080.2782689152555,12,15
U102136,ussd,256,established,established,medium,5142.116059137437,17,4
U102137,ussd,536,established,established,medium,13475.511886243203,12,4
U102138,ussd,434,established,established,medium,7092.77517751599,21,3
U102139,app,5,cold_start,new,small,1008.3973705848753,14,2
U102140,app,463,established,established,small,1298.4026036452094,17,3
U102141,app,531,established,established,small,2797.010835221417,14,2
U102142,ussd,683,established,established,medium,12789.416785349245,14,3
U102143,app,773,established,established,medium,5688.107520150185,10,2
U102144,ussd,252,established,established,small,3187.467924077376,14,6
U102145,ussd,709,established,established,small,1199.8189008403172,19,7
U102146,ussd,186,established,established,medium,5915.993888342552,19,3
U102147,app,261,established,established,medium,6265.1938940691825,12,8
U102148,app,322,established,established,small,1855.4673404691398,19,2
U102149,ussd,8,cold_start,new,medium,7056.207291336751,10,15
U102150,ussd,11,cold_start,new,medium,8521.137078990707,14,1
U102151,app,67,established,1-3mo,medium,7913.4346986944265,9,2
U102152,ussd,896,established,established,small,1269.2200129800408,14,4
U102153,ussd,2,cold_start,new,medium,9991.769802209057,9,3
U102154,app,315,established,established,medium,12497.400859729089,9,1
U102155,app,363,established,established,small,826.8847586034788,14,2
U102156,app,803,established,established,medium,9563.06661214001,10,2
U102157,app,853,established,established,medium,8313.576380281516,10,7
U102158,app,352,established,established,small,4651.836646404086,19,5
U102159,ussd,873,established,established,large,72188.33408139666,10,2
U102160,app,735,established,established,small,4754.634153133272,21,2
U102161,ussd,237,established,established,medium,8769.380838524157,10,2
U102162,ussd,461,established,established,medium,20181.412211921317,12,8
U102163,app,168,established,established,medium,16113.13916186873,12,2
U102164,app,838,established,established,small,2266.352403838681,9,4
U102165,ussd,759,established,established,small,1852.6785184690352,12,4
U102166,ussd,173,established,established,small,3732.694903221036,10,6
U102167,ussd,362,established,established,large,35522.292299992005,12,6
U102168,app,506,established,established,small,3179.69547081946,12,3
U102169,app,441,established,established,small,2284.991625130118,14,2
U102170,app,808,established,established,medium,7058.058909931066,10,3
U102171,ussd,711,established,established,small,3831.3212465815063,17,4
U102172,ussd,188,established,established,medium,6294.129506473204,12,1
U102173,ussd,7,cold_start,new,small,1211.6153220144947,12,1
U102174,ussd,103,established,established,medium,13546.105474223594,12,3
U102175,app,373,established,established,small,3229.227706260097,17,2
U102176,ussd,533,established,established,small,1714.4776269458728,9,3
U102177,app,557,established,established,small,4192.373793456263,9,7
U102178,ussd,443,established,established,medium,9825.40740892322,14,6
U102179,ussd,707,established,established,medium,5128.635186043578,12,1
U102180,ussd,6,cold_start,new,small,2225.52278598049,12,2
U102181,app,397,established,established,small,1915.045472262029,10,4
U102182,ussd,785,established,established,small,4193.81827784378,17,5
U102183,ussd,354,established,established,small,2409.4081343492667,21,3
U102184,app,788,established,established,small,4880.880844826793,19,2
U102185,app,502,established,established,medium,21799.457185810385,14,3
U102186,ussd,174,established,established,small,1565.514700496238,12,3
U102187,app,68,established,1-3mo,small,3081.228801828333,17,2
U102188,app,351,established,established,small,4810.457981454896,10,2
U102189,app,627,established,established,medium,8178.041521794741,19,5
U102190,app,10,cold_start,new,medium,6517.531836202929,21,5
U102191,app,650,established,established,medium,8102.1401376439635,12,4
U102192,ussd,126,established,established,small,2292.023774014502,14,9
U102193,app,479,established,established,medium,14181.708472159935,9,5
U102194,ussd,752,established,established,medium,5279.216941240348,9,1
U102195,app,402,established,established,small,3998.7251625445906,19,2
U102196,app,103,established,established,medium,6960.975032013754,12,4
U102197,app,391,established,established,small,4080.3522602959374,12,1
U102198,ussd,355,established,established,small,4505.0148658119315,12,3
U102199,ussd,592,established,established,medium,6660.4115831663885,21,1
U102200,app,427,established,established,small,3435.450347183195,10,7
U102201,app,507,established,established,medium,16445.371358971548,9,1
U102202,app,434,established,established,medium,9002.230519139632,14,1
U102203,app,12,cold_start,new,small,1511.77180773661,10,4
U102204,ussd,545,established,established,medium,7761.682344911596,19,3
U102205,app,750,established,established,medium,17730.03794049796,10,4
U102206,ussd,241,established,established,small,1884.3315312823213,19,2
U102207,ussd,389,established,established,small,2202.369810819564,12,2
U102208,ussd,853,established,established,medium,5784.097844080017,14,5
U102209,ussd,269,established,established,medium,16948.762896014043,21,3
U102210,app,291,established,established,medium,5931.762653935023,17,2
U102211,ussd,282,established,established,medium,18442.921033457627,21,5
U102212,app,79,established,1-3mo,medium,9977.05761581452,10,4
U102213,ussd,815,established,established,medium,13369.677519173436,10,3
U102214,ussd,4,cold_start,new,small,3358.6426752170696,12,5
U102215,app,746,established,established,medium,21507.664449424417,10,3
U102216,ussd,84,established,1-3mo,small,2259.1463005574565,12,2
U102217,app,160,established,established,small,748.7947463832952,10,4
U102218,app,462,established,established,medium,13832.764982533477,12,8
U102219,ussd,479,established,established,small,1988.088263092207,19,1
U102220,app,2,cold_start,new,medium,12786.825123766625,17,4
U102221,ussd,604,established,established,small,1079.7460191381829,21,2
U102222,ussd,626,established,established,medium,6201.567346646096,10,4
U102223,ussd,234,established,established,medium,9019.735905857668,21,4
U102224,app,877,established,established,medium,8328.638313879153,21,3
U102225,app,408,established,established,small,2301.1209034892586,19,3
U102226,ussd,503,established,established,medium,9907.875827017868,14,7
U102227,app,11,cold_start,new,medium,7591.822074013575,17,3
U102228,ussd,190,established,established,medium,16379.935189815134,17,2
U102229,app,570,established,established,small,3036.3175390378206,17,1
U102230,app,446,established,established,medium,15091.844362650329,9,3
U102231,ussd,546,established,established,small,1776.2712050332364,19,4
U102232,ussd,111,established,established,small,3388.0740117094524,17,3
U102233,ussd,818,established,established,medium,13086.717231482728,19,3
U102234,ussd,826,established,established,small,3307.4535363524633,10,4
U102235,app,437,established,established,small,1733.1755817906267,19,1
U102236,app,539,established,established,small,2306.6209489548537,21,2
U102237,app,457,established,established,medium,10013.702272943086,14,5
U102238,ussd,9,cold_start,new,small,4671.832991543103,21,2
U102239,app,2,cold_start,new,medium,15790.352151730218,12,4
U102240,ussd,238,established,established,small,3030.9508571362035,9,2
U102241,app,3,cold_start,new,large,36062.933410009915,19,2
U102242,ussd,173,established,established,medium,8364.232352527346,12,13
U102243,ussd,575,established,established,small,2914.0548057600863,19,2
U102244,ussd,252,established,established,small,1402.1783393485,19,3
U102245,app,188,established,established,medium,17653.906594557928,14,4
U102246,ussd,274,established,established,medium,11200.892476620265,12,2
U102247,app,495,established,established,small,540.5712926417397,9,4
U102248,app,575,established,established,small,1707.399987326271,12,4
U102249,app,354,established,established,medium,12458.62448813441,9,5
U102250,app,805,established,established,small,1858.4539393819218,21,3
U102251,ussd,221,established,established,medium,6491.128380858563,21,5
U102252,app,840,established,established,small,4359.825293109452,21,3
U102253,app,342,established,established,medium,5866.899209773227,9,3
U102254,ussd,345,established,established,small,4465.725191171334,12,6
U102255,ussd,890,established,established,medium,7213.518348199088,9,3
U102256,ussd,731,established,established,small,3454.321477468619,19,2
U102257,ussd,368,established,established,small,4301.2397702943435,19,2
U102258,app,635,established,established,medium,8657.316804007349,19,6
U102259,ussd,332,established,established,medium,7372.309984722326,9,3
U102260,app,60,established,1-3mo,small,1808.5887416205755,9,2
U102261,app,281,established,established,medium,7372.788501877346,14,1
U102262,app,265,established,established,medium,11840.008877174421,9,2
U102263,ussd,291,established,established,small,4432.909568604924,10,8
U102264,app,671,established,established,small,1181.9105483057579,12,1
U102265,ussd,316,established,established,medium,6550.3648631750575,9,2
U102266,app,3,cold_start,new,small,2977.6511856789057,19,3
U102267,app,279,established,established,small,4721.025132774389,17,4
U102268,app,159,established,established,small,4780.905010819306,19,4
U102269,app,808,established,established,small,4325.174671873492,9,4
U102270,app,643,established,established,small,3296.0799258294,19,4
U102271,ussd,522,established,established,small,688.9184052378686,19,4
U102272,ussd,605,established,established,medium,12813.483324270897,21,2
U102273,app,313,established,established,small,2134.929353898124,14,4
U102274,ussd,731,established,established,small,3348.332262084462,19,3
U102275,app,668,established,established,medium,24132.431786505247,9,3
U102276,app,569,established,established,small,877.486531714881,17,2
U102277,app,563,established,established,medium,8063.934673273186,12,3
U102278,app,527,established,established,small,4274.603216954076,19,4
U102279,app,615,established,established,small,2560.2965454084433,17,2
U102280,ussd,79,established,1-3mo,small,1843.8161991944228,21,3
U102281,app,6,cold_start,new,small,2244.282033041851,12,3
U102282,ussd,819,established,established,medium,11106.439492369813,19,2
U102283,app,13,cold_start,new,medium,5633.936461740554,19,4
U102284,ussd,582,established,established,medium,10243.52390271197,9,3
U102285,ussd,466,established,established,small,4036.9500983578437,12,5
U102286,app,849,established,established,small,1612.9956769520927,12,6
U102287,app,291,established,established,small,3440.3099797476784,19,6
U102288,ussd,108,established,established,medium,28245.760829766106,9,6
U102289,ussd,464,established,established,small,971.8494548968255,9,3
U102290,ussd,764,established,established,small,4707.024292176409,9,13
U102291,app,95,established,established,small,2636.1161121083815,12,3
U102292,ussd,249,established,established,small,1085.0100787027254,12,2
U102293,app,347,established,established,medium,7780.388830884763,19,3
U102294,app,407,established,established,medium,7923.160108349724,21,7
U102295,ussd,767,established,established,medium,6390.807542866696,14,2
U102296,ussd,823,established,established,large,87736.5026350825,21,4
U102297,ussd,422,established,established,medium,5045.834838406796,17,4
U102298,ussd,98,established,established,medium,9761.651777664209,10,4
U102299,app,330,established,established,small,1876.464646660101,21,7
U102300,ussd,85,established,1-3mo,medium,16610.47804571473,12,3
U102301,app,887,established,established,small,2374.2564476074303,12,3
U102302,app,483,established,established,medium,10569.507129978667,12,5
U102303,app,12,cold_start,new,small,2155.729961343113,14,4
U102304,ussd,86,established,1-3mo,small,4258.370109655637,17,1
U102305,app,420,established,established,small,3357.746267246033,21,2
U102306,app,282,established,established,small,2719.5623559412365,14,2
U102307,ussd,897,established,established,small,3942.6704703663586,19,7
U102308,ussd,4,cold_start,new,small,1755.5199650117506,19,2
U102309,ussd,221,established,established,medium,12591.123274643714,12,3
U102310,ussd,814,established,established,medium,27398.024881234298,14,1
U102311,app,794,established,established,small,3489.5628603098307,21,4
U102312,ussd,613,established,established,small,3378.4264439235035,14,3
U102313,ussd,258,established,established,large,42788.94598365691,21,2
U102314,ussd,87,established,1-3mo,medium,6169.462748143219,9,3
U102315,ussd,162,established,established,medium,5918.441474208085,17,6
U102316,app,584,established,established,medium,7520.438162314443,12,5
U102317,app,262,established,established,medium,5886.2478405156435,12,5
U102318,ussd,635,established,established,medium,10387.03297182166,19,2
U102319,app,203,established,established,medium,16686.257045972612,10,9
U102320,app,830,established,established,medium,5306.817432477542,21,2
U102321,app,725,established,established,medium,10543.532232552252,10,4
U102322,ussd,897,established,established,small,4464.025947731701,14,3
U102323,ussd,207,established,established,small,849.5317188277712,10,2
U102324,ussd,883,established,established,medium,5384.777693818319,10,5
U102325,ussd,724,established,established,small,863.2732544589611,21,7
U102326,ussd,454,established,established,small,3767.458164242234,9,4
U102327,ussd,861,established,established,small,3627.8601134882615,17,5
U102328,app,861,established,established,medium,10610.791068530461,12,4
U102329,ussd,286,established,established,small,1299.8624328648705,14,2
U102330,app,580,established,established,small,2383.789009188094,19,5
U102331,app,6,cold_start,new,small,820.5616489867454,14,2
U102332,app,493,established,established,small,1128.444059611691,12,2
U102333,ussd,578,established,established,medium,6930.584117196723,17,2
U102334,ussd,367,established,established,small,3564.834625271403,9,1
U102335,ussd,603,established,established,medium,16993.647321530854,12,3
U102336,ussd,309,established,established,small,1868.4323247014277,19,4
U102337,ussd,582,established,established,small,2130.6706791516317,9,12
U102338,app,8,cold_start,new,medium,13491.123328925289,21,3
U102339,ussd,322,established,established,small,2032.1724769537266,14,3
U102340,ussd,845,established,established,small,3239.8776930590593,14,5
U102341,ussd,204,established,established,small,2320.7398412170887,14,3
U102342,app,231,established,established,small,2383.233218717723,9,3
U102343,app,75,established,1-3mo,medium,19852.793620225963,17,7
U102344,ussd,484,established,established,medium,8546.307684979218,9,4
U102345,app,4,cold_start,new,small,3353.10507778372,21,3
U102346,app,11,cold_start,new,medium,11608.074722030518,19,5
U102347,app,12,cold_start,new,small,4430.602653673366,10,6
U102348,app,166,established,established,small,3576.5370835987233,21,5
U102349,app,210,established,established,small,1789.1653909848544,12,6
U102350,ussd,851,established,established,small,692.7946799247263,14,2
U102351,ussd,461,established,established,small,4608.582327385901,19,4
U102352,ussd,7,cold_start,new,small,2741.0722331312054,17,2
U102353,app,431,established,established,medium,8718.590306291158,21,6
U102354,app,305,established,established,small,4288.952876691473,12,6
U102355,app,556,established,established,medium,8595.058895436288,17,1
U102356,app,4,cold_start,new,medium,15586.717343237493,10,7
U102357,app,723,established,established,small,4015.0304617555335,21,3
U102358,ussd,606,established,established,medium,22648.576900204676,21,9
U102359,ussd,438,established,established,small,1312.097790055402,21,3
U102360,ussd,695,established,established,small,4285.8331422234905,19,6
U102361,app,575,established,established,medium,7590.271894074259,12,3
U102362,app,135,established,established,medium,5920.775871314622,10,3
U102363,app,248,established,established,small,3102.9847282727433,14,1
U102364,app,153,established,established,large,33472.75762240328,9,2
U102365,ussd,66,established,1-3mo,medium,11278.649776875769,10,7
U102366,app,420,established,established,medium,8603.952524201452,9,12
U102367,ussd,417,established,established,small,4614.747774013238,14,4
U102368,ussd,831,established,established,small,4677.452913677441,21,2
U102369,app,115,established,established,small,1775.4630424578584,9,1
U102370,app,565,established,established,medium,9477.124016155258,17,6
U102371,app,330,established,established,small,1942.9703863861096,14,1
U102372,app,80,established,1-3mo,medium,5055.055029914929,17,4
U102373,ussd,403,established,established,small,1764.9732005210412,14,7
U102374,ussd,207,established,established,small,1815.9935670258162,21,7
U102375,ussd,329,established,established,medium,5061.890571142238,14,2
U102376,ussd,796,established,established,medium,25892.37740849382,19,1
U102377,app,547,established,established,small,2662.9830316301072,12,3
U102378,app,397,established,established,small,3483.3767810636236,19,2
U102379,app,765,established,established,medium,25662.290706124204,17,3
U102380,app,844,established,established,small,3719.9048929307564,12,5
U102381,ussd,766,established,established,small,3796.9678322995533,19,2
U102382,app,365,established,established,medium,6168.589940193569,14,2
U102383,app,231,established,established,small,2514.778555463691,10,5
U102384,app,289,established,established,medium,8768.408240569632,21,4
U102385,app,698,established,established,medium,7558.216249510456,9,8
U102386,ussd,370,established,established,medium,6037.650350266598,14,2
U102387,app,794,established,established,small,4291.676179037824,19,5
U102388,app,95,established,established,medium,7034.009670088488,21,2
U102389,app,184,established,established,medium,7993.300631045225,17,5
U102390,ussd,843,established,established,small,963.0147404347643,19,3
U102391,ussd,762,established,established,small,3707.007346618572,19,7
U102392,ussd,840,established,established,small,3013.0547000907,12,2
U102393,app,646,established,established,medium,7609.481087852607,12,1
U102394,app,6,cold_start,new,small,3901.3788456801976,17,2
U102395,ussd,3,cold_start,new,medium,6744.147869449843,12,4
U102396,app,658,established,established,medium,7688.0732368562385,17,8
U102397,app,339,established,established,medium,13064.64828716268,12,1
U102398,ussd,727,established,established,small,1897.6675989415728,21,2
U102399,app,246,established,established,medium,6965.721302649252,12,7
U102400,app,677,established,established,medium,22229.62278616099,9,3
U102401,ussd,756,established,established,medium,5263.200254675258,21,3
U102402,app,813,established,established,medium,10682.073640286928,17,9
U102403,app,896,established,established,small,3943.249687936166,10,2
U102404,app,763,established,established,medium,5996.957745667127,10,2
U102405,ussd,160,established,established,medium,14443.590636040599,17,3
U102406,app,799,established,established,small,984.5536107618105,10,3
U102407,app,806,established,established,medium,5537.657370733291,21,7
U102408,ussd,605,established,established,small,3308.73030304992,9,7
U102409,ussd,694,established,established,small,2548.298398112204,12,6
U102410,ussd,12,cold_start,new,medium,11315.112446528014,12,3
U102411,app,11,cold_start,new,small,1918.4500119271358,19,7
U102412,app,117,established,established,small,1613.7426033153033,10,4
U102413,ussd,760,established,established,medium,5850.832548376927,14,6
U102414,ussd,466,established,established,medium,5081.320368813127,17,3
U102415,app,4,cold_start,new,small,3041.742144396042,19,1
U102416,ussd,218,established,established,medium,9337.73574213556,21,4
U102417,app,879,established,established,medium,11832.878330626821,14,5
U102418,ussd,744,established,established,medium,6715.913272456987,21,3
U102419,ussd,202,established,established,medium,10429.887445676839,21,4
U102420,app,892,established,established,small,2199.5620191922862,17,2
U102421,ussd,895,established,established,small,2656.9263092242145,9,4
U102422,ussd,116,established,established,medium,5170.201502369933,19,5
U102423,app,108,established,established,medium,9312.61003950381,19,1
U102424,app,553,established,established,small,500.0,10,2
U102425,ussd,619,established,established,medium,7292.747420432759,14,4
U102426,app,695,established,established,medium,10378.207217743073,12,5
U102427,app,463,established,established,medium,7092.312711925886,9,2
U102428,app,2,cold_start,new,small,2675.5506514262206,14,3
U102429,ussd,864,established,established,small,4857.8999762417425,21,2
U102430,app,365,established,established,medium,5649.176593291581,14,2
U102431,ussd,363,established,established,medium,7840.645281292982,9,3
U102432,app,216,established,established,small,2145.819035144595,14,2
U102433,app,816,established,established,medium,5061.02551076683,19,3
U102434,ussd,94,established,established,small,3396.4791189627504,9,2
U102435,app,2,cold_start,new,medium,17397.36233877281,12,4
U102436,app,646,established,established,small,2066.7682685014315,21,3
U102437,app,671,established,established,small,2797.812768462863,9,2
U102438,ussd,242,established,established,small,2783.4687172470217,21,7
U102439,app,639,established,established,small,1736.8972606670243,17,2
U102440,app,516,established,established,small,4922.458664899123,19,6
U102441,app,155,established,established,medium,12865.683080101808,10,2
U102442,app,263,established,established,small,1196.2266821901464,9,3
U102443,app,335,established,established,medium,5464.595174023806,19,2
U102444,ussd,406,established,established,medium,7633.370405059105,9,11
U102445,app,881,established,established,medium,11245.687909168688,14,2
U102446,app,390,established,established,medium,12001.219667555451,12,5
U102447,ussd,362,established,established,small,500.0,14,6
U102448,ussd,2,cold_start,new,medium,12712.842529081006,17,1
U102449,app,190,established,established,medium,6835.589194546516,19,7
U102450,app,459,established,established,small,4330.064371291125,9,4
U102451,app,219,established,established,medium,15022.459602322937,12,9
U102452,ussd,560,established,established,small,1662.7025514946934,19,1
U102453,app,753,established,established,medium,13886.078052603994,17,9
U102454,app,207,established,established,medium,8605.942676063962,19,6
U102455,app,421,established,established,small,2185.614028625331,21,2
U102456,app,517,established,established,medium,11977.04363668818,12,4
U102457,app,89,established,1-3mo,medium,10347.704491569799,19,7
U102458,app,684,established,established,small,3199.3152206658674,19,2
U102459,ussd,369,established,established,medium,6690.441677532692,21,8
U102460,ussd,709,established,established,medium,21412.928094406507,14,3
U102461,ussd,364,established,established,small,2817.353713151048,17,3
U102462,ussd,887,established,established,medium,9791.176037503197,10,5
U102463,app,80,established,1-3mo,small,2843.5922083921982,19,3
U102464,ussd,843,established,established,small,2885.2877988288797,19,3
U102465,ussd,890,established,established,medium,9679.092300365139,10,2
U102466,ussd,245,established,established,medium,10985.39299622246,12,2
U102467,ussd,320,established,established,medium,5355.340895881901,9,1
U102468,app,10,cold_start,new,small,1504.2879585883934,14,4
U102469,app,635,established,established,medium,5243.281709748455,19,1
U102470,app,139,established,established,medium,5222.538814557285,19,3
U102471,app,299,established,established,medium,12936.68105842522,12,3
U102472,app,329,established,established,small,790.6795208249457,17,2
U102473,app,4,cold_start,new,medium,25327.243234246514,19,3
U102474,app,190,established,established,small,3396.332910083268,21,2
U102475,ussd,815,established,established,medium,7619.987530684665,19,5
U102476,ussd,483,established,established,small,4651.388079022166,12,2
U102477,ussd,469,established,established,medium,12359.522117617335,19,5
U102478,app,2,cold_start,new,small,1677.4503858186981,10,6
U102479,ussd,111,established,established,medium,5275.668757031944,10,3
U102480,ussd,679,established,established,medium,5936.946160416817,9,4
U102481,ussd,817,established,established,medium,13714.110560548543,17,3
U102482,ussd,226,established,established,medium,14339.158603691676,10,2
U102483,app,341,established,established,medium,5045.929104969001,19,1
U102484,app,476,established,established,medium,7779.386182637874,12,6
U102485,ussd,413,established,established,small,1097.0171323136206,12,1
U102486,ussd,10,cold_start,new,small,4273.71476532294,17,1
U102487,app,573,established,established,small,3370.1086062990084,10,2
U102488,app,607,established,established,medium,5543.011444649745,12,5
U102489,app,187,established,established,medium,10549.761991028321,14,5
U102490,app,530,established,established,small,1890.6414932762389,14,2
U102491,ussd,509,established,established,small,1433.5353636416583,14,3
U102492,ussd,862,established,established,medium,5938.311846489242,10,15
U102493,app,475,established,established,medium,14672.35137470344,10,4
U102494,app,263,established,established,medium,9815.115549352517,10,3
U102495,app,11,cold_start,new,small,3849.8702085612,12,3
U102496,app,577,established,established,small,3151.518085966784,14,3
U102497,ussd,197,established,established,medium,9859.458562590564,17,4
U102498,ussd,233,established,established,small,4135.397021982656,19,5
U102499,ussd,475,established,established,small,2223.7084549028045,19,1
U102500,app,10,cold_start,new,small,4612.191430097238,10,12
U102501,ussd,302,established,established,small,2194.446520765657,14,7
U102502,ussd,140,established,established,medium,7501.352624916538,14,2
U102503,app,845,established,established,medium,6576.544085593908,14,2
U102504,ussd,136,established,established,small,4600.229416218693,17,2
U102505,ussd,842,established,established,small,880.6395552915482,19,5
U102506,ussd,94,established,established,small,673.1912322895082,9,5
U102507,app,661,established,established,small,1627.8392398962492,21,5
U102508,app,441,established,established,small,3812.444829153551,12,4
U102509,app,692,established,established,medium,13637.182569564475,21,10
U102510,app,8,cold_start,new,small,1823.5761347506548,21,5
U102511,app,381,established,established,small,1800.1020502213123,12,3
U102512,ussd,255,established,established,small,3725.3225858655296,14,1
U102513,app,287,established,established,small,3333.957491324294,17,2
U102514,app,76,established,1-3mo,medium,7068.876605575011,14,12
U102515,ussd,812,established,established,medium,10065.030930545538,17,3
U102516,ussd,412,established,established,medium,18661.627671227932,12,8
U102517,app,286,established,established,small,4697.695598008669,9,5
U102518,ussd,312,established,established,small,3943.0431143710052,14,14
U102519,app,79,established,1-3mo,medium,6107.016411258207,19,11
U102520,app,419,established,established,small,3932.6538219332833,17,9
U102521,ussd,8,cold_start,new,medium,7893.162780530103,14,3
U102522,app,613,established,established,medium,7056.54906508291,10,4
U102523,app,210,established,established,medium,5376.899509622212,12,1
U102524,app,7,cold_start,new,small,3058.5898986052894,21,2
U102525,ussd,71,established,1-3mo,small,3927.1320207230833,12,4
U102526,app,877,established,established,medium,7843.10941820408,17,3
U102527,ussd,380,established,established,small,2293.383957795107,9,4
U102528,app,643,established,established,medium,20397.707044013776,12,3
U102529,ussd,294,established,established,small,4394.513675896586,17,3
U102530,app,265,established,established,medium,13056.304392404774,14,3
U102531,app,385,established,established,small,1223.3763772478994,21,9
U102532,ussd,198,established,established,medium,14597.58321714621,19,3
U102533,ussd,891,established,established,medium,8055.604427551248,21,2
U102534,app,1,cold_start,new,medium,10553.759456796732,17,4
U102535,app,279,established,established,medium,8849.025689879067,10,3
U102536,app,754,established,established,small,2391.720265670962,9,6
U102537,app,388,established,established,medium,7859.357253143902,19,10
U102538,ussd,882,established,established,medium,10449.280182314504,9,3
U102539,app,467,established,established,small,2293.909203940018,19,2
U102540,ussd,622,established,established,medium,11788.085822198058,21,4
U102541,app,633,established,established,medium,9749.08383372912,19,4
U102542,app,689,established,established,small,3845.8978345849737,21,8
U102543,app,471,established,established,medium,5401.8723753868435,19,3
U102544,app,204,established,established,small,1898.4664679009122,14,4
U102545,app,252,established,established,medium,5498.4284708152545,21,3
U102546,ussd,227,established,established,medium,6232.563423027493,19,6
U102547,app,578,established,established,small,3848.127384311768,17,3
U102548,ussd,738,established,established,medium,19492.727881031504,19,3
U102549,app,848,established,established,small,3467.1816062438497,19,6
U102550,app,317,established,established,medium,13854.113210702659,9,2
U102551,app,781,established,established,small,2939.858634606313,19,6
U102552,app,580,established,established,small,1045.306814906425,12,3
U102553,ussd,421,established,established,small,3012.9056991740913,10,1
U102554,ussd,162,established,established,small,1528.194099891709,19,2
U102555,ussd,337,established,established,medium,18395.70229158142,17,4
U102556,ussd,95,established,established,medium,27107.06269872676,10,1
U102557,app,724,established,established,medium,18761.76315920717,19,2
U102558,app,682,established,established,small,4210.765744843184,19,4
U102559,ussd,314,established,established,medium,6186.557409518845,14,1
U102560,app,628,established,established,medium,11486.061191578357,17,3
U102561,app,444,established,established,small,3118.2176493313113,17,5
U102562,ussd,824,established,established,small,725.562552283608,12,2
U102563,ussd,488,established,established,small,1506.7683703845985,17,4
U102564,ussd,887,established,established,small,2659.9609314814475,9,2
U102565,app,812,established,established,small,1944.282347320427,14,4
U102566,ussd,12,cold_start,new,medium,9586.724839437875,14,6
U102567,app,830,established,established,small,874.9943352950261,14,4
U102568,app,248,established,established,medium,7866.061167927317,19,2
U102569,app,9,cold_start,new,medium,10985.4611058088,12,3
U102570,ussd,384,established,established,small,3159.617139124073,14,7
U102571,ussd,413,established,established,small,1956.3350523968597,9,3
U102572,ussd,532,established,established,small,3943.454115972451,12,2
U102573,app,882,established,established,large,32355.067250187712,14,2
U102574,app,567,established,established,medium,8394.73452554434,17,5
U102575,app,808,established,established,medium,7511.2094988082845,14,4
U102576,ussd,710,established,established,small,3106.0069257077243,17,4
U102577,app,700,established,established,medium,16441.89798291043,9,3
U102578,app,372,established,established,medium,9172.8028175483,10,5
U102579,ussd,200,established,established,medium,18700.448879611326,19,5
U102580,app,88,established,1-3mo,small,1070.4455477562833,17,3
U102581,ussd,328,established,established,medium,9110.522727065816,19,9
U102582,app,816,established,established,small,1607.868792262683,9,7
U102583,ussd,209,established,established,medium,6180.124243232768,17,4
U102584,app,891,established,established,medium,11264.401170321136,17,3
U102585,app,796,established,established,small,2933.8207859886575,19,3
U102586,app,731,established,established,small,4376.199135746184,9,2
U102587,app,273,established,established,small,4867.34172400119,17,3
U102588,ussd,784,established,established,medium,9609.761934750348,12,4
U102589,app,349,established,established,medium,9112.854422874661,9,3
U102590,app,344,established,established,medium,5836.6742029118695,10,3
U102591,ussd,419,established,established,small,2923.0475297114795,10,1
U102592,app,395,established,established,small,1242.588429621226,12,4
U102593,ussd,183,established,established,medium,8097.90356273926,10,4
U102594,ussd,251,established,established,small,3470.233176943762,9,5
U102595,app,289,established,established,small,3015.2490895187607,14,5
U102596,ussd,458,established,established,small,2710.3507222893527,17,2
U102597,app,871,established,established,medium,5296.441744134814,14,3
U102598,app,135,established,established,small,2296.4498516888743,17,4
U102599,app,118,established,established,small,500.0,10,4
U102600,ussd,371,established,established,small,974.1363359757585,14,5
U102601,ussd,499,established,established,medium,13891.434732536267,10,6
U102602,ussd,223,established,established,medium,6450.78828596648,14,3
U102603,ussd,230,established,established,medium,8596.61610961427,19,15
U102604,app,868,established,established,small,4365.532335059139,19,4
U102605,ussd,394,established,established,small,2918.2147315761335,17,5
U102606,ussd,498,established,established,medium,6148.600972782651,14,2
U102607,ussd,128,established,established,small,3647.928748339502,21,2
U102608,ussd,3,cold_start,new,small,2214.2059957914043,21,2
U102609,ussd,420,established,established,medium,6495.565815605347,12,9
U102610,app,894,established,established,small,1153.7823705675942,17,4
U102611,ussd,877,established,established,medium,7034.3183214183955,10,2
U102612,ussd,362,established,established,medium,7662.401534697384,19,4
U102613,ussd,893,established,established,medium,15899.698138915557,9,3
U102614,app,324,established,established,medium,12730.210865009312,21,2
U102615,ussd,78,established,1-3mo,medium,6297.0452042565,12,4
U102616,app,377,established,established,small,4997.331042025767,17,2
U102617,app,579,established,established,small,2481.5249688404374,12,3
U102618,ussd,774,established,established,medium,5513.404868874715,19,1
U102619,app,507,established,established,small,875.9027854939515,12,2
U102620,ussd,384,established,established,small,3394.155591344572,21,3
U102621,app,744,established,established,small,1038.3648869511476,21,1
U102622,ussd,3,cold_start,new,medium,18382.00270007761,21,3
U102623,ussd,102,established,established,medium,11013.347092638789,10,7
U102624,app,667,established,established,medium,8861.1542237759,19,2
U102625,ussd,326,established,established,medium,7941.965957689177,12,4
U102626,app,501,established,established,small,2623.7057134338124,9,4
U102627,ussd,852,established,established,medium,5810.307130487558,14,6
U102628,ussd,94,established,established,medium,6241.071011885745,17,3
U102629,app,336,established,established,medium,5454.14343428626,21,4
U102630,ussd,474,established,established,small,2823.1840290231153,9,4
U102631,ussd,270,established,established,small,3708.7649711778854,14,6
U102632,ussd,528,established,established,medium,8934.996284811576,9,3
U102633,ussd,81,established,1-3mo,small,1314.4601417234392,10,3
U102634,app,725,established,established,small,3648.7463625524165,14,3
U102635,ussd,267,established,established,large,80815.54298242234,19,2
U102636,app,397,established,established,medium,5660.237978826817,17,7
U102637,app,659,established,established,large,54340.65489042705,14,2
U102638,ussd,142,established,established,small,1680.5134729121169,19,6
U102639,app,553,established,established,small,1891.140139238049,10,4
U102640,ussd,745,established,established,small,1410.5109252291852,21,3
U102641,app,682,established,established,small,3729.2857200335457,19,3
U102642,ussd,335,established,established,small,2248.7785762006365,14,1
U102643,ussd,421,established,established,small,1689.692154451607,10,6
U102644,app,255,established,established,medium,11613.467136973251,10,14
U102645,app,519,established,established,small,1966.203432705012,21,2
U102646,app,662,established,established,medium,8335.220830043796,10,14
U102647,ussd,517,established,established,small,1191.6006581181832,12,4
U102648,ussd,473,established,established,small,4951.120879118936,12,2
U102649,app,716,established,established,medium,7378.214286399123,17,1
U102650,ussd,660,established,established,small,2879.860039458524,9,5
U102651,app,678,established,established,medium,7506.038846373189,12,5
U102652,app,410,established,established,medium,8235.807378742655,19,2
U102653,app,313,established,established,small,1561.5551549263455,17,3
U102654,app,673,established,established,small,2459.8756202359405,10,8
U102655,ussd,670,established,established,medium,5377.0102607216495,21,5
U102656,ussd,435,established,established,small,2100.518693488864,10,4
U102657,ussd,520,established,established,small,4961.412819680043,14,7
U102658,ussd,212,established,established,small,3954.335603269069,9,6
U102659,app,4,cold_start,new,medium,9339.591103457511,21,2
U102660,app,176,established,established,medium,6757.216738767427,12,2
U102661,ussd,102,established,established,small,3068.696179865551,17,2
U102662,ussd,417,established,established,small,4255.723756952585,9,6
U102663,ussd,6,cold_start,new,medium,8193.738296772446,17,2
U102664,app,465,established,established,medium,21470.702657048838,12,4
U102665,ussd,799,established,established,small,3236.579471621939,17,2
U102666,ussd,681,established,established,small,2863.4853372216403,12,7
U102667,ussd,550,established,established,small,598.8172965103043,14,3
U102668,ussd,769,established,established,medium,17553.302462979507,12,7
U102669,app,788,established,established,medium,7111.323379276313,12,2
U102670,app,328,established,established,small,4852.551487421159,17,2
U102671,app,572,established,established,medium,6105.675765309581,21,2
U102672,app,2,cold_start,new,small,2555.063661173272,19,4
U102673,ussd,297,established,established,small,2854.507620607525,10,3
U102674,ussd,189,established,established,small,3842.4281967146208,21,3
U102675,app,11,cold_start,new,medium,9328.852992758499,10,2
U102676,app,11,cold_start,new,small,2754.5501652068315,10,4
U102677,ussd,12,cold_start,new,medium,14437.435048801706,9,2
U102678,ussd,245,established,established,medium,14084.52120186056,17,2
U102679,app,378,established,established,medium,10228.62583683707,12,1
U102680,ussd,146,established,established,small,4862.848646122522,19,2
U102681,app,601,established,established,medium,6147.8469903954165,10,3
U102682,app,586,established,established,medium,5323.161326526401,10,9
U102683,app,856,established,established,small,2227.6179646474216,10,8
U102684,ussd,75,established,1-3mo,small,2586.69474539668,9,1
U102685,ussd,126,established,established,small,4757.044002839058,14,3
U102686,ussd,162,established,established,small,1791.6795512371814,10,12
U102687,app,673,established,established,small,2369.73544799462,17,1
U102688,ussd,295,established,established,small,1111.306326041249,17,1
U102689,ussd,13,cold_start,new,small,4024.685074684722,10,4
U102690,app,353,established,established,medium,10340.362495296165,14,3
U102691,app,405,established,established,small,1737.135548499167,10,4
U102692,app,435,established,established,small,4932.839169125715,9,3
U102693,ussd,441,established,established,small,4156.778175333833,14,2
U102694,app,439,established,established,small,1681.9090336120983,10,3
U102695,app,822,established,established,small,2798.7014088788446,10,3
U102696,ussd,115,established,established,small,2804.459092624244,12,3
U102697,ussd,883,established,established,medium,11551.512093750693,17,10
U102698,ussd,407,established,established,medium,11284.088605718,17,13
U102699,ussd,425,established,established,small,1924.7171058957322,19,2
U102700,app,80,established,1-3mo,medium,11033.373795449108,12,5
U102701,ussd,638,established,established,small,3582.4627819438856,12,2
U102702,app,461,established,established,small,1803.1412326386355,9,2
U102703,app,382,established,established,medium,5247.5203264159,14,5
U102704,ussd,600,established,established,small,2346.9312602839373,19,3
U102705,app,408,established,established,medium,5647.244005696843,17,4
U102706,app,243,established,established,medium,5034.559701062499,12,2
U102707,ussd,805,established,established,small,1761.8966228669167,17,4
U102708,app,135,established,established,small,2703.147377561658,12,3
U102709,app,715,established,established,small,1493.3683136456145,14,2
U102710,ussd,374,established,established,small,1158.5360283655846,12,10
U102711,ussd,214,established,established,small,3239.879356180725,9,2
U102712,ussd,196,established,established,small,3988.817487606583,9,3
U102713,app,203,established,established,medium,13091.999724739806,19,2
U102714,ussd,417,established,established,medium,5882.727808096795,19,2
U102715,ussd,1,cold_start,new,medium,5474.690283789263,17,1
U102716,app,648,established,established,small,3717.2899465010846,21,2
U102717,app,158,established,established,small,695.3064994054095,9,5
U102718,app,251,established,established,medium,25828.051586146317,14,2
U102719,ussd,149,established,established,large,34110.39215669211,12,4
U102720,app,5,cold_start,new,small,1664.1287121083217,19,7
U102721,ussd,779,established,established,small,928.2772567870755,17,3
U102722,ussd,73,established,1-3mo,small,2403.8331675157438,12,2
U102723,app,12,cold_start,new,medium,12929.853146780011,19,3
U102724,ussd,132,established,established,small,822.8451284431244,12,8
U102725,app,884,established,established,small,3694.628554877511,10,3
U102726,app,800,established,established,medium,8933.576033740292,21,5
U102727,ussd,248,established,established,medium,6960.984219430662,21,1
U102728,app,707,established,established,medium,9438.055587050965,10,3
U102729,ussd,388,established,established,large,63929.12391703431,10,5
U102730,ussd,245,established,established,medium,26395.940324644427,19,4
U102731,app,693,established,established,small,4966.420576497028,14,4
U102732,app,337,established,established,small,3546.422469082175,21,4
U102733,app,205,established,established,medium,11272.225700780282,9,4
U102734,ussd,413,established,established,medium,15633.862814175101,21,6
U102735,ussd,60,established,1-3mo,medium,13393.112255059705,19,4
U102736,app,9,cold_start,new,medium,6027.649323313911,10,6
U102737,ussd,390,established,established,small,3898.646889393997,19,3
U102738,ussd,508,established,established,small,3796.509912979617,12,2
U102739,ussd,600,established,established,small,1992.4718985273123,17,3
U102740,app,767,established,established,medium,19900.079338294476,14,2
U102741,app,671,established,established,medium,5918.3152327823655,14,3
U102742,app,819,established,established,small,2179.915935861121,17,3
U102743,app,200,established,established,small,2735.416486048314,9,6
U102744,app,431,established,established,small,4566.322434259186,9,1
U102745,app,430,established,established,medium,15588.767566898965,14,4
U102746,app,580,established,established,small,2322.2038575784536,19,6
U102747,app,361,established,established,medium,9763.669556287188,17,2
U102748,app,726,established,established,small,1958.325425465931,17,3
U102749,ussd,666,established,established,medium,9307.839683991437,19,4
U102750,ussd,308,established,established,medium,5069.322450653035,19,2
U102751,app,13,cold_start,new,small,1455.500498254612,17,2
U102752,ussd,458,established,established,small,2334.2799713864365,10,3
U102753,app,420,established,established,small,4312.531655392568,9,2
U102754,ussd,169,established,established,medium,5362.143900994848,9,5
U102755,ussd,762,established,established,medium,5867.095575141916,19,1
U102756,app,99,established,established,small,4644.582494389311,17,7
U102757,ussd,772,established,established,small,2613.7964643072723,9,2
U102758,ussd,3,cold_start,new,medium,7770.993654966301,14,4
U102759,ussd,352,established,established,medium,10333.773285825186,19,5
U102760,app,451,established,established,medium,17889.639468776466,21,4
U102761,app,5,cold_start,new,small,4142.834291923907,17,3
U102762,ussd,374,established,established,small,1826.4366090854016,10,2
U102763,app,84,established,1-3mo,medium,11620.245289880604,14,4
U102764,ussd,261,established,established,small,2441.1837687269485,14,5
U102765,ussd,668,established,established,small,1384.5908362929574,19,5
U102766,app,169,established,established,small,3744.0195022189273,21,3
U102767,app,122,established,established,small,3763.805959297021,12,2
U102768,app,364,established,established,small,3687.9353570043854,10,4
U102769,app,529,established,established,medium,13048.570707126617,12,2
U102770,ussd,651,established,established,small,511.4035971753401,14,6
U102771,ussd,690,established,established,large,30802.524002617003,17,5
U102772,app,736,established,established,small,2213.0336771522607,19,2
U102773,ussd,271,established,established,medium,19399.99676070425,21,6
U102774,ussd,375,established,established,small,1818.7524584396208,10,3
U102775,ussd,567,established,established,medium,10082.835767642315,14,2
U102776,app,597,established,established,small,3185.545707887182,10,3
U102777,ussd,721,established,established,small,1824.5496495848213,10,3
U102778,ussd,736,established,established,small,2289.84863297697,19,7
U102779,app,816,established,established,medium,17472.496435187455,14,3
U102780,ussd,368,established,established,small,1185.1947996109216,10,4
U102781,ussd,407,established,established,medium,9345.277493612497,19,3
U102782,app,581,established,established,medium,6890.791304245639,12,3
U102783,ussd,310,established,established,small,3902.184399690907,12,3
U102784,ussd,211,established,established,small,2159.918587861879,10,1
U102785,ussd,488,established,established,medium,11117.752043993441,10,4
U102786,app,893,established,established,medium,15494.101376447807,17,3
U102787,ussd,418,established,established,medium,7945.944152061594,17,1
U102788,ussd,627,established,established,small,1041.422117259104,10,5
U102789,ussd,9,cold_start,new,medium,5549.792835569704,12,3
U102790,app,377,established,established,small,3033.9273531716885,19,2
U102791,app,562,established,established,small,2550.2066800339653,14,4
U102792,ussd,329,established,established,small,1098.5456565068016,14,4
U102793,app,367,established,established,medium,9775.98341019048,10,2
U102794,app,112,established,established,small,2805.7440374945595,10,2
U102795,app,85,established,1-3mo,small,1607.6477913379433,9,3
U102796,ussd,430,established,established,medium,11341.588234977113,12,10
U102797,app,8,cold_start,new,small,1645.8809131402925,21,2
U102798,ussd,372,established,established,medium,14873.836166284187,10,1
U102799,ussd,384,established,established,small,3117.0668338557603,9,3
U102800,ussd,667,established,established,small,1809.8802866464537,12,3
U102801,ussd,179,established,established,small,780.9564754646715,17,2
U102802,app,311,established,established,small,1285.6964982156308,10,6
U102803,ussd,515,established,established,small,2805.903133843586,9,3
U102804,app,832,established,established,small,2402.366500280859,19,4
U102805,ussd,214,established,established,medium,5026.339779429926,19,10
U102806,app,8,cold_start,new,medium,10185.987399168389,17,6
U102807,ussd,468,established,established,small,2614.278370496737,14,3
U102808,ussd,590,established,established,small,2448.655300751549,9,3
U102809,app,787,established,established,small,3663.2530186840404,17,14
U102810,ussd,6,cold_start,new,medium,26905.591118430264,17,2
U102811,app,511,established,established,medium,5564.679826862171,19,3
U102812,app,604,established,established,medium,8124.673898786872,10,7
U102813,app,182,established,established,small,3078.714094730709,9,3
U102814,app,62,established,1-3mo,small,927.9854995947516,19,4
U102815,ussd,852,established,established,small,2645.4594865489544,14,2
U102816,ussd,357,established,established,medium,6021.940051387765,21,2
U102817,app,2,cold_start,new,medium,6742.55857602671,12,3
U102818,ussd,741,established,established,medium,6607.811270376726,14,6
U102819,ussd,323,established,established,small,1299.162366573892,21,4
U102820,ussd,206,established,established,small,3703.7674796403385,17,3
U102821,app,205,established,established,small,4767.446240691832,21,7
U102822,ussd,843,established,established,small,4572.4548686945245,10,10
U102823,app,132,established,established,medium,9398.498866908432,19,7
U102824,ussd,299,established,established,medium,17800.126977828822,19,4
U102825,ussd,359,established,established,small,3253.9954733878308,19,6
U102826,ussd,259,established,established,medium,10194.416426942824,14,2
U102827,app,103,established,established,medium,7346.501896466042,17,5
U102828,app,545,established,established,small,677.597512975304,12,7
U102829,ussd,386,established,established,medium,6928.288570319709,19,3
U102830,app,787,established,established,medium,11566.778228885498,17,3
U102831,app,689,established,established,small,2667.6137770313544,21,2
U102832,ussd,339,established,established,medium,6134.005878442648,14,1
U102833,ussd,191,established,established,small,1321.0911248435389,21,2
U102834,app,6,cold_start,new,small,4919.144951500016,10,3
U102835,app,605,established,established,medium,15284.686570543538,14,1
U102836,ussd,274,established,established,small,500.0,14,2
U102837,app,670,established,established,small,4969.933557738166,21,3
U102838,app,485,established,established,small,1991.8138199969499,14,2
U102839,app,131,established,established,medium,15064.239402922534,10,1
U102840,app,579,established,established,small,1164.8369613837835,21,1
U102841,ussd,123,established,established,small,3900.555375498282,17,4
U102842,app,675,established,established,medium,11365.652974824174,9,4
U102843,app,640,established,established,large,48688.75499771276,10,2
U102844,ussd,386,established,established,medium,12208.426202193854,14,4
U102845,app,675,established,established,small,3196.3511927059194,19,3
U102846,app,325,established,established,medium,13543.094474713533,9,2
U102847,ussd,501,established,established,small,3407.4465321156276,10,3
U102848,ussd,626,established,established,medium,5380.2458607390045,9,1
U102849,app,503,established,established,medium,9233.572069502188,21,3
U102850,app,649,established,established,medium,5284.178346233584,10,1
U102851,app,113,established,established,large,42305.20363877929,17,2
U102852,app,653,established,established,small,2328.3236312577765,9,1
U102853,ussd,836,established,established,small,1071.350215777311,10,2
U102854,ussd,598,established,established,medium,12410.167246680743,19,7
U102855,ussd,853,established,established,large,34955.918531665186,21,2
U102856,ussd,226,established,established,medium,6437.499076104612,10,2
U102857,app,362,established,established,medium,15219.384231144106,19,6
U102858,ussd,534,established,established,medium,7324.1655744345435,10,6
U102859,ussd,899,established,established,medium,20231.515952807582,19,2
U102860,app,238,established,established,small,601.647558446808,9,10
U102861,ussd,122,established,established,medium,14602.433901462207,10,1
U102862,app,154,established,established,medium,7531.6578175703935,17,3
U102863,ussd,278,established,established,large,31031.391467483973,12,3
U102864,ussd,11,cold_start,new,small,4864.9427488069405,12,5
U102865,app,60,established,1-3mo,small,735.6604903938729,14,4
U102866,ussd,111,established,established,medium,9843.681758733794,19,2
U102867,app,315,established,established,medium,5182.050828407784,9,2
U102868,ussd,120,established,established,small,1533.1835258672138,19,2
U102869,app,401,established,established,large,96273.48867062121,17,4
U102870,app,524,established,established,small,1000.2085671061575,21,7
U102871,app,888,established,established,medium,10956.66671667622,9,5
U102872,ussd,91,established,established,medium,6839.968924632022,10,6
U102873,app,532,established,established,medium,11708.276040626035,14,10
U102874,ussd,639,established,established,medium,12620.431465652144,21,3
U102875,app,401,established,established,medium,11649.397681232498,9,14
U102876,app,359,established,established,medium,10351.569989438014,10,5
U102877,app,658,established,established,small,3867.2311416270013,17,1
U102878,app,402,established,established,small,1762.7327617474182,10,6
U102879,ussd,567,established,established,small,3584.4432586799294,12,4
U102880,app,10,cold_start,new,small,1435.0915576024258,10,6
U102881,ussd,496,established,established,small,1484.1193219535394,10,12
U102882,ussd,544,established,established,small,3046.692586975608,19,4
U102883,ussd,7,cold_start,new,small,2355.9052730548556,21,7
U102884,ussd,822,established,established,medium,7030.428875511579,17,5
U102885,ussd,202,established,established,small,2571.9795056186867,12,3
U102886,ussd,808,established,established,medium,6324.183466688677,14,3
U102887,ussd,744,established,established,small,4523.754762358434,17,2
U102888,ussd,849,established,established,small,3509.852253157465,19,2
U102889,ussd,12,cold_start,new,large,34846.28646557156,12,1
U102890,app,765,established,established,medium,8736.072675256424,12,3
U102891,ussd,617,established,established,small,4538.118765297211,12,2
U102892,app,516,established,established,medium,6233.034438113295,10,1
U102893,ussd,501,established,established,small,3300.3343142359777,14,5
U102894,ussd,227,established,established,medium,12117.62749220655,10,2
U102895,ussd,862,established,established,small,3299.0134269968034,21,3
U102896,ussd,180,established,established,small,4241.375878685907,9,3
U102897,ussd,317,established,established,medium,5665.510591260185,19,6
U102898,ussd,282,established,established,medium,8245.213093984838,19,5
U102899,app,703,established,established,small,3386.4450110313874,19,3
U102900,app,816,established,established,medium,13956.785191421006,19,2
U102901,app,636,established,established,medium,12162.624429507285,14,4
U102902,app,467,established,established,small,3768.11407373238,10,3
U102903,ussd,71,established,1-3mo,small,4815.518523325113,12,2
U102904,ussd,730,established,established,small,942.6263660275904,14,4
U102905,ussd,320,established,established,medium,10700.428998526428,19,6
U102906,app,73,established,1-3mo,medium,5801.095569198539,14,2
U102907,ussd,241,established,established,medium,14709.369004087215,10,4
U102908,app,867,established,established,medium,8173.980781048942,12,8
U102909,ussd,767,established,established,medium,9274.32358461578,12,2
U102910,ussd,686,established,established,small,4367.288676551333,9,1
U102911,app,387,established,established,small,2974.474950675033,9,2
U102912,app,775,established,established,medium,9820.000134899356,17,5
U102913,app,4,cold_start,new,medium,6228.678112036812,19,7
U102914,app,10,cold_start,new,medium,10649.964611515677,21,1
U102915,app,580,established,established,medium,6726.1088593460245,12,3
U102916,app,173,established,established,medium,10375.706577805458,9,4
U102917,app,676,established,established,large,33883.63996686655,10,2
U102918,app,8,cold_start,new,small,1894.4076833692234,12,3
U102919,app,662,established,established,small,4192.618516380798,17,2
U102920,ussd,694,established,established,small,4997.020589610317,14,8
U102921,app,446,established,established,small,3255.72992027331,12,4
U102922,ussd,329,established,established,medium,25246.768156805378,10,2
U102923,app,643,established,established,small,3990.611134314526,21,2
U102924,app,746,established,established,small,4889.238188230739,19,4
U102925,app,174,established,established,small,1628.8878097654886,19,2
U102926,ussd,101,established,established,small,1884.80812997617,9,3
U102927,app,10,cold_start,new,medium,20642.283073163784,19,2
U102928,ussd,444,established,established,medium,5358.391712830179,19,1
U102929,app,408,established,established,small,1783.3646459400336,19,8
U102930,ussd,495,established,established,medium,7373.103675653717,14,3
U102931,app,156,established,established,medium,6371.519462265514,19,2
U102932,app,673,established,established,small,1734.0812661014093,14,2
U102933,ussd,238,established,established,medium,13583.348798464544,14,3
U102934,app,249,established,established,small,1318.6308556259103,9,9
U102935,app,776,established,established,small,2414.7518454562937,10,6
U102936,ussd,623,established,established,medium,7723.932298816223,19,5
U102937,app,170,established,established,medium,8509.613151318714,10,4
U102938,app,734,established,established,small,500.0,17,3
U102939,app,757,established,established,small,2377.7009090147394,14,4
U102940,app,85,established,1-3mo,medium,8241.36826413619,9,7
U102941,ussd,866,established,established,medium,28852.999297333397,17,1
U102942,ussd,531,established,established,medium,25222.450066748883,19,3
U102943,ussd,92,established,established,small,4510.730090088581,12,8
U102944,app,3,cold_start,new,medium,5832.6204741308275,12,4
U102945,ussd,13,cold_start,new,small,2581.638801546501,12,3
U102946,ussd,347,established,established,small,4836.582610187435,12,2
U102947,app,791,established,established,small,3871.4062421817493,10,6
U102948,ussd,496,established,established,large,32452.696143539768,12,3
U102949,ussd,398,established,established,medium,7755.607433481561,9,7
U102950,ussd,118,established,established,medium,8089.815158296491,19,7
U102951,app,610,established,established,medium,11538.21972765157,12,3
U102952,app,442,established,established,medium,5019.581096154221,17,5
U102953,ussd,349,established,established,medium,7293.166191986683,10,5
U102954,ussd,832,established,established,small,2391.7169605776176,14,5
U102955,app,167,established,established,medium,23717.48021068554,19,8
U102956,app,663,established,established,small,1586.9413034841298,10,7
U102957,ussd,787,established,established,medium,7747.783536614005,17,4
U102958,app,451,established,established,medium,5824.430580837547,21,2
U102959,app,616,established,established,medium,7258.506394616106,17,3
U102960,ussd,129,established,established,small,2571.041177722639,19,5
U102961,app,429,established,established,small,3111.434133957467,19,2
U102962,app,525,established,established,small,4854.7978598161135,14,1
U102963,app,746,established,established,small,799.1997635847363,19,1
U102964,ussd,897,established,established,medium,14066.122509678447,19,1
U102965,app,12,cold_start,new,small,1184.8575909819112,10,5
U102966,ussd,649,established,established,medium,10963.134276980185,21,3
U102967,ussd,694,established,established,medium,13371.562023743509,9,2
U102968,ussd,194,established,established,medium,5271.008041281298,14,3
U102969,ussd,611,established,established,medium,21171.173962897443,9,2
U102970,ussd,418,established,established,medium,21653.301690881137,12,1
U102971,app,3,cold_start,new,medium,7356.877989723191,14,3
U102972,ussd,611,established,established,small,1222.5857190824129,10,5
U102973,ussd,240,established,established,medium,7053.053970621977,9,3
U102974,ussd,711,established,established,medium,5974.614581133569,19,2
U102975,app,300,established,established,medium,10189.948410814071,19,3
U102976,app,3,cold_start,new,small,4740.996048048821,12,9
U102977,ussd,93,established,established,small,3791.705432334149,21,2
U102978,app,390,established,established,medium,5214.7431051098165,17,3
U102979,ussd,528,established,established,large,51669.5533313644,14,2
U102980,app,3,cold_start,new,small,4217.797477740622,14,2
U102981,ussd,554,established,established,small,2612.9509550325483,14,2
U102982,ussd,137,established,established,medium,5629.962475606674,19,3
U102983,app,226,established,established,small,3350.5834680323164,17,6
U102984,app,595,established,established,small,3567.9174987984466,10,5
U102985,ussd,704,established,established,medium,5011.021260234726,12,3
U102986,app,110,established,established,medium,13101.257756222998,17,5
U102987,app,494,established,established,medium,15185.419895859835,12,7
U102988,ussd,455,established,established,small,1044.7594128030717,19,1
U102989,app,621,established,established,small,2000.4949563880537,19,2
U102990,ussd,110,established,established,medium,5700.194127839564,9,4
U102991,app,72,established,1-3mo,small,1534.951323627855,10,6
U102992,app,349,established,established,large,80783.89660123468,14,7
U102993,ussd,89,established,1-3mo,small,3319.6374641582165,10,2
U102994,app,440,established,established,small,3749.837622760762,21,4
U102995,app,793,established,established,medium,6153.210203525108,19,3
U102996,ussd,336,established,established,small,1328.3551464296138,19,2
U102997,ussd,245,established,established,small,933.3498367971671,12,3
U102998,ussd,287,established,established,medium,6670.008954440518,9,3
U102999,ussd,4,cold_start,new,medium,13202.241951353191,12,7
U103000,app,399,established,established,small,2772.6250052773394,14,3
U103001,app,651,established,established,small,1312.628737921495,19,2
U103002,ussd,527,established,established,medium,8555.086424897032,12,4
U103003,ussd,418,established,established,medium,8257.800923892693,9,2
U103004,ussd,715,established,established,medium,6188.132049688515,14,3
U103005,app,531,established,established,medium,5003.718280124251,12,7
U103006,app,330,established,established,small,1011.5584473427157,14,6
U103007,app,74,established,1-3mo,small,2918.8646225778475,9,1
U103008,ussd,3,cold_start,new,medium,7414.4401976360205,19,2
U103009,ussd,228,established,established,medium,5405.179743598157,9,4
U103010,app,391,established,established,medium,7117.643093540994,14,3
U103011,app,98,established,established,small,3714.93111484769,10,6
U103012,app,891,established,established,medium,17205.563253558998,21,10
U103013,app,832,established,established,small,2702.625767805193,14,9
U103014,ussd,872,established,established,small,2167.511047144009,14,3
U103015,ussd,731,established,established,medium,5407.131668373257,12,3
U103016,app,181,established,established,small,3021.8630888261596,17,1
U103017,ussd,532,established,established,small,4654.217791925493,17,3
U103018,ussd,433,established,established,medium,5978.032278316093,10,4
U103019,app,397,established,established,small,1951.0594107450688,14,6
U103020,app,458,established,established,medium,6768.650807167247,21,2
U103021,app,650,established,established,small,1648.8138789418608,12,4
U103022,app,235,established,established,medium,5680.434777668992,19,3
U103023,ussd,655,established,established,small,968.1919840739974,12,2
U103024,ussd,799,established,established,medium,9635.19534226463,10,6
U103025,app,855,established,established,small,962.8349605559283,17,3
U103026,app,69,established,1-3mo,small,1833.2728653688748,12,3
U103027,ussd,276,established,established,medium,7891.99841187515,14,3
U103028,app,391,established,established,medium,5348.892357714257,19,6
U103029,ussd,188,established,established,medium,5911.3896363681815,17,3
U103030,ussd,140,established,established,small,3433.281408964885,17,3
U103031,ussd,319,established,established,small,4212.31202324047,19,4
U103032,ussd,276,established,established,medium,5659.84647834396,19,1
U103033,ussd,407,established,established,small,3037.967841003872,10,5
U103034,ussd,618,established,established,medium,9761.357558879716,9,3
U103035,app,705,established,established,medium,7628.146249847966,17,5
U103036,app,378,established,established,small,2200.7155594350747,10,4
U103037,app,242,established,established,medium,6572.702181353565,10,5
U103038,app,486,established,established,medium,10715.742711132518,19,6
U103039,app,612,established,established,small,2114.7602514226483,17,2
U103040,app,660,established,established,medium,8350.005100617833,17,3
U103041,app,97,established,established,medium,7301.125683247648,19,4
U103042,app,134,established,established,small,500.0,10,8
U103043,app,890,established,established,small,2600.601634614733,9,5
U103044,ussd,6,cold_start,new,medium,5406.229364125143,17,3
U103045,ussd,887,established,established,small,980.0854460584677,12,5
U103046,ussd,589,established,established,small,2145.0987515639395,19,5
U103047,ussd,647,established,established,medium,8611.442725364246,17,9
U103048,ussd,492,established,established,small,4193.65053232266,21,10
U103049,ussd,533,established,established,medium,9236.665670833278,12,2
U103050,app,231,established,established,medium,7839.532065685664,19,4
U103051,ussd,324,established,established,medium,7855.111990749761,19,5
U103052,app,826,established,established,medium,26163.78841769936,17,2
U103053,ussd,800,established,established,medium,9587.229052180035,17,5
U103054,ussd,165,established,established,small,4260.485155497808,17,3
U103055,app,80,established,1-3mo,medium,9541.257165443876,12,3
U103056,ussd,737,established,established,small,2866.2670722079556,14,3
U103057,app,593,established,established,small,3898.247170823159,19,2
U103058,app,371,established,established,medium,24909.45835462013,17,5
U103059,app,1,cold_start,new,medium,27928.255216897753,10,11
U103060,app,226,established,established,small,888.8281059551599,12,5
U103061,app,825,established,established,medium,17156.31087888154,12,2
U103062,ussd,396,established,established,small,4637.444382196827,17,2
U103063,ussd,116,established,established,small,2758.694398123038,14,3
U103064,app,480,established,established,small,2484.021613824572,9,7
U103065,ussd,178,established,established,medium,15536.078137169838,21,2
U103066,app,266,established,established,small,4770.623427219806,21,4
U103067,app,545,established,established,medium,19058.657170460512,12,1
U103068,ussd,702,established,established,small,998.8423794540764,9,6
U103069,ussd,860,established,established,medium,7570.040442567336,12,5
U103070,app,90,established,established,small,3123.634889386311,14,5
U103071,app,791,established,established,medium,20133.614005154755,9,2
U103072,ussd,460,established,established,small,1944.5597930533654,21,3
U103073,ussd,165,established,established,medium,6211.386309402452,14,1
U103074,app,7,cold_start,new,small,4850.178322476209,10,5
U103075,app,784,established,established,small,2620.6720500543893,9,2
U103076,app,134,established,established,small,1875.376538055987,12,2
U103077,ussd,805,established,established,small,1783.3910911995351,12,2
U103078,ussd,12,cold_start,new,medium,13167.563210933933,12,1
U103079,ussd,74,established,1-3mo,medium,10963.6063084807,12,5
U103080,app,730,established,established,medium,7401.438859916204,14,5
U103081,ussd,552,established,established,medium,11730.211205897518,12,5
U103082,ussd,330,established,established,medium,16147.816187477878,9,1
U103083,app,703,established,established,medium,19620.776874943913,10,3
U103084,ussd,594,established,established,small,2163.5244238098976,12,1
U103085,app,254,established,established,small,4234.037294262114,19,3
U103086,app,866,established,established,medium,6882.338627460337,9,2
U103087,ussd,872,established,established,small,1473.4132192715422,10,5
U103088,app,395,established,established,small,1605.4203514740868,21,3
U103089,ussd,589,established,established,medium,9877.693611912731,14,2
U103090,ussd,412,established,established,small,4921.514514053626,21,3
U103091,app,9,cold_start,new,small,2627.548748251194,9,7
U103092,app,111,established,established,small,1349.9308749216166,19,6
U103093,ussd,780,established,established,small,2523.6435409418164,17,4
U103094,app,356,established,established,medium,7381.124471437917,9,2
U103095,ussd,652,established,established,small,1866.6309073579002,10,2
U103096,app,260,established,established,small,554.7838884357575,10,5
U103097,app,319,established,established,small,2428.3159039105262,19,4
U103098,ussd,81,established,1-3mo,medium,7401.8716685096815,12,11
U103099,app,522,established,established,medium,7227.045172432006,12,3
U103100,ussd,231,established,established,small,4460.181432916944,17,2
U103101,ussd,847,established,established,small,2924.46157919805,9,2
U103102,app,578,established,established,small,3501.0990385747155,9,5
U103103,ussd,135,established,established,small,3529.7793277770334,9,4
U103104,ussd,526,established,established,medium,9455.842136523837,10,3
U103105,ussd,418,established,established,small,4077.6596423365518,17,2
U103106,app,564,established,established,small,636.7246906654555,19,2
U103107,app,440,established,established,medium,12203.539247291576,12,3
U103108,ussd,62,established,1-3mo,medium,6078.160790286686,14,3
U103109,ussd,124,established,established,medium,13758.095007936396,9,2
U103110,ussd,285,established,established,small,4076.540468223569,19,7
U103111,ussd,871,established,established,large,36912.471997556684,10,1
U103112,ussd,332,established,established,small,2316.001906805479,14,3
U103113,app,178,established,established,medium,9825.52566331274,14,2
U103114,ussd,461,established,established,medium,16329.966975937628,19,2
U103115,app,174,established,established,small,4790.823349330428,14,4
U103116,app,738,established,established,small,584.5666049870456,9,6
U103117,ussd,517,established,established,medium,7151.792661196208,17,4
U103118,app,512,established,established,small,2656.33087235814,17,1
U103119,app,867,established,established,medium,13022.376282342007,14,2
U103120,ussd,706,established,established,large,41314.4179747762,12,8
U103121,ussd,669,established,established,small,2395.1698672667535,21,5
U103122,ussd,503,established,established,small,3107.1879778340744,17,4
U103123,ussd,643,established,established,small,3370.6606691597217,10,4
U103124,app,387,established,established,medium,14965.979030672253,19,4
U103125,ussd,729,established,established,medium,14406.810673512533,14,3
U103126,app,109,established,established,small,4252.9995223579,17,3
U103127,app,266,established,established,small,3254.4847227850837,19,5
U103128,app,524,established,established,small,3072.426066456525,14,2
U103129,app,766,established,established,small,2674.0546352939036,12,1
U103130,ussd,79,established,1-3mo,medium,5244.401884463298,17,2
U103131,app,439,established,established,small,4893.478085137624,10,2
U103132,ussd,200,established,established,medium,8399.777164364332,10,1
U103133,app,465,established,established,small,1363.773599499249,10,3
U103134,app,662,established,established,small,4016.764384898436,10,4
U103135,ussd,859,established,established,large,44422.07762611195,12,3
U103136,ussd,623,established,established,medium,7943.492123791698,17,4
U103137,ussd,762,established,established,small,3547.197301705983,21,2
U103138,app,292,established,established,small,4849.679154731478,21,4
U103139,app,550,established,established,medium,5137.055991363164,21,3
U103140,ussd,60,established,1-3mo,small,1722.8813040439873,9,6
U103141,ussd,575,established,established,medium,8952.865184741575,14,3
U103142,app,548,established,established,small,2125.196561908656,12,3
U103143,ussd,10,cold_start,new,medium,12288.044724661728,17,8
U103144,ussd,335,established,established,small,1962.5637267619315,17,3
U103145,ussd,512,established,established,medium,20406.461305100267,19,5
U103146,app,747,established,established,medium,7547.873045244358,12,1
U103147,ussd,386,established,established,medium,11379.849951709648,12,4
U103148,app,737,established,established,medium,9586.08498028195,14,5
U103149,ussd,219,established,established,small,2109.1809972826077,10,2
U103150,app,5,cold_start,new,small,2693.0476471213274,9,2
U103151,app,438,established,established,small,2575.884569783464,10,7
U103152,app,194,established,established,medium,17788.53223808702,9,2
U103153,ussd,67,established,1-3mo,small,3940.355329945185,17,2
U103154,ussd,13,cold_start,new,medium,6209.923099643277,12,4
U103155,ussd,363,established,established,medium,5757.372442508184,9,9
U103156,ussd,334,established,established,medium,5391.005311990463,19,6
U103157,ussd,4,cold_start,new,medium,10096.681664887377,21,2
U103158,ussd,463,established,established,small,1712.439264551771,19,7
U103159,app,5,cold_start,new,medium,10772.19938153545,10,5
U103160,ussd,578,established,established,small,1669.6631536629427,9,4
U103161,app,277,established,established,medium,5249.910008359157,9,2
U103162,app,492,established,established,medium,22118.997659141118,19,4
U103163,app,8,cold_start,new,medium,21510.51197875618,10,4
U103164,app,528,established,established,small,3823.013205372371,21,3
U103165,ussd,682,established,established,small,2385.8983150696095,17,5
U103166,ussd,584,established,established,medium,5932.51537646983,14,3
U103167,app,438,established,established,medium,6965.325289494878,19,3
U103168,ussd,710,established,established,small,2343.551792744515,21,4
U103169,app,224,established,established,medium,5750.857946696656,14,1
U103170,app,362,established,established,medium,5566.830893783679,19,3
U103171,app,358,established,established,medium,15339.209184221128,9,4
U103172,app,616,established,established,medium,16141.531295260134,9,1
U103173,app,689,established,established,small,2631.809295850623,9,3
U103174,app,267,established,established,medium,7965.8536458679155,21,5
U103175,app,843,established,established,small,1471.5379894941252,19,3
U103176,app,616,established,established,medium,5345.508408009996,17,1
U103177,ussd,693,established,established,medium,16606.40232419221,21,4
U103178,app,694,established,established,medium,6952.577165054084,9,2
U103179,app,636,established,established,small,705.2155199862968,14,3
U103180,ussd,423,established,established,small,1179.4866973114847,21,3
U103181,app,180,established,established,medium,5695.865110327804,9,2
U103182,ussd,124,established,established,small,4717.918257033468,17,3
U103183,app,459,established,established,medium,5343.975581752661,19,2
U103184,ussd,167,established,established,medium,10352.668697293331,9,1
U103185,ussd,770,established,established,small,862.2527646757604,19,2
U103186,ussd,760,established,established,medium,22211.921968593888,12,4
U103187,ussd,391,established,established,small,1287.2120384673515,21,2
U103188,app,267,established,established,medium,7034.076105547645,10,2
U103189,app,439,established,established,small,1118.471169620431,19,7
U103190,app,620,established,established,medium,17131.91639144202,10,2
U103191,ussd,891,established,established,medium,6053.947644469331,12,2
U103192,app,840,established,established,small,2345.655919607569,19,3
U103193,app,248,established,established,medium,15555.914321124343,12,4
U103194,ussd,325,established,established,small,2324.528377201417,21,6
U103195,app,73,established,1-3mo,medium,5666.650397201186,19,2
U103196,app,884,established,established,small,4010.7956727637156,10,4
U103197,ussd,546,established,established,small,1505.6048595413472,17,2
U103198,app,102,established,established,medium,8133.439792746697,9,3
U103199,ussd,191,established,established,small,4755.83308013825,19,7
U103200,ussd,89,established,1-3mo,small,1882.5932505149506,14,2
U103201,ussd,507,established,established,small,1754.7963814202358,9,3
U103202,app,127,established,established,small,4051.3841528841185,19,2
U103203,app,509,established,established,small,3758.9668491733582,10,4
U103204,ussd,608,established,established,small,2111.8952557972657,12,2
U103205,ussd,9,cold_start,new,medium,12697.54229860349,10,3
U103206,ussd,674,established,established,medium,11220.19817949143,14,4
U103207,app,787,established,established,small,4463.23178150235,19,1
U103208,app,682,established,established,medium,5050.606436884909,19,4
U103209,app,809,established,established,medium,5741.797389282606,10,4
U103210,app,138,established,established,small,4276.36087052841,14,3
U103211,app,353,established,established,medium,5745.3370191961185,17,6
U103212,ussd,845,established,established,small,2109.587937232521,19,6
U103213,app,800,established,established,small,4075.142598767001,12,3
U103214,ussd,835,established,established,small,3408.67104682799,10,6
U103215,ussd,175,established,established,small,2087.2002436288008,9,2
U103216,app,508,established,established,medium,12866.903540087227,17,3
U103217,ussd,378,established,established,small,1323.7521333682216,14,2
U103218,ussd,717,established,established,medium,6854.709258231517,19,6
U103219,app,467,established,established,small,4782.925290503551,21,6
U103220,app,234,established,established,small,1144.9921130831688,12,2
U103221,ussd,761,established,established,medium,6436.475719312131,14,1
U103222,ussd,11,cold_start,new,medium,12694.658123472303,9,3
U103223,ussd,835,established,established,medium,10340.163347089632,17,5
U103224,ussd,773,established,established,small,833.9238138726702,19,11
U103225,app,379,established,established,medium,5420.997315938603,10,5
U103226,ussd,404,established,established,small,745.9117062404373,17,2
U103227,ussd,747,established,established,small,4587.731609011523,9,3
U103228,ussd,825,established,established,small,4788.545746542081,19,3
U103229,ussd,9,cold_start,new,small,4230.973308048233,9,3
U103230,ussd,407,established,established,medium,12414.989416056034,12,3
U103231,ussd,556,established,established,medium,11475.934856902084,19,3
U103232,app,659,established,established,medium,13033.623557247685,12,6
U103233,ussd,556,established,established,small,830.8070855020115,12,1
U103234,app,620,established,established,small,2438.958402707694,17,5
U103235,ussd,431,established,established,small,2830.533197671806,14,13
U103236,ussd,332,established,established,small,1793.8472814087718,14,2
U103237,ussd,162,established,established,medium,5736.266583724922,19,3
U103238,app,169,established,established,medium,6392.154275574541,17,2
U103239,ussd,466,established,established,small,1256.6280928046485,17,2
U103240,app,583,established,established,small,4151.92097573566,19,4
U103241,app,432,established,established,small,3359.7005098185273,14,4
U103242,app,783,established,established,small,2781.1535166111294,9,2
U103243,ussd,520,established,established,small,2145.62467906016,19,4
U103244,app,780,established,established,medium,5544.347633640882,10,8
U103245,ussd,539,established,established,medium,9026.106729779756,17,6
U103246,app,368,established,established,medium,13609.811088063772,21,2
U103247,ussd,274,established,established,small,2153.235496053534,17,4
U103248,ussd,5,cold_start,new,large,31447.775140360394,17,3
U103249,ussd,5,cold_start,new,medium,15501.555709014994,10,6
U103250,ussd,822,established,established,medium,5594.387222948391,19,1
U103251,ussd,2,cold_start,new,small,3036.026940020851,21,2
U103252,ussd,792,established,established,medium,13262.610233393962,12,3
U103253,ussd,565,established,established,small,3651.7439928556896,14,2
U103254,app,434,established,established,small,4925.628757680178,10,2
U103255,app,383,established,established,medium,7005.386954087964,21,4
U103256,ussd,466,established,established,medium,5277.933695010589,19,10
U103257,app,582,established,established,medium,7951.081860578183,21,3
U103258,ussd,2,cold_start,new,small,658.9854570154808,12,4
U103259,ussd,139,established,established,medium,6763.179335885158,14,1
U103260,app,523,established,established,small,3413.965685931335,19,7
U103261,ussd,891,established,established,medium,6290.18449649525,19,1
U103262,ussd,569,established,established,small,2596.998939139595,12,3
U103263,ussd,111,established,established,small,2463.4735182850527,9,4
U103264,ussd,120,established,established,small,4598.746448634017,19,3
U103265,ussd,839,established,established,small,4471.085070355354,19,2
U103266,ussd,537,established,established,small,1976.616688865051,10,2
U103267,ussd,254,established,established,small,1800.5936521460715,21,10
U103268,app,615,established,established,small,4493.285603903762,12,6
U103269,ussd,538,established,established,medium,11816.240226431775,21,3
U103270,ussd,220,established,established,small,1650.858276784908,10,2
U103271,app,221,established,established,small,4609.442921379887,9,6
U103272,app,372,established,established,medium,7904.599129661885,14,2
U103273,ussd,595,established,established,medium,10182.644449500689,14,4
U103274,app,489,established,established,medium,5910.817602136638,12,3
U103275,ussd,449,established,established,small,3822.10180792737,14,3
U103276,app,2,cold_start,new,medium,24293.825367226786,19,7
U103277,app,139,established,established,small,1385.3240670959435,17,8
U103278,ussd,211,established,established,medium,7112.215327152272,12,2
U103279,app,789,established,established,small,3405.974779706609,21,1
U103280,app,703,established,established,medium,12692.970744986556,14,5
U103281,ussd,609,established,established,small,2960.217385743058,17,3
U103282,ussd,703,established,established,medium,5154.777412066128,17,6
U103283,app,883,established,established,small,3792.6763224580773,17,4
U103284,ussd,866,established,established,small,3751.7516187249835,12,5
U103285,ussd,10,cold_start,new,medium,7170.872312810667,14,6
U103286,ussd,589,established,established,medium,12573.877631244972,10,4
U103287,app,369,established,established,medium,8418.640307096934,10,2
U103288,app,885,established,established,small,1589.7528698166768,9,2
U103289,ussd,6,cold_start,new,small,2207.957783148465,12,7
U103290,ussd,121,established,established,small,3552.726674667033,9,7
U103291,app,835,established,established,medium,19963.816647982134,19,2
U103292,ussd,102,established,established,small,1976.3367167600113,10,2
U103293,app,424,established,established,medium,5451.884794275908,14,5
U103294,ussd,883,established,established,small,1574.4026176041828,14,3
U103295,ussd,395,established,established,medium,13617.27191944052,10,5
U103296,ussd,242,established,established,small,3521.880736527469,10,4
U103297,ussd,868,established,established,large,35026.82243825607,12,2
U103298,app,685,established,established,medium,8445.612586243396,19,1
U103299,ussd,166,established,established,medium,28847.545503194877,19,3
U103300,app,867,established,established,small,500.0,12,5
U103301,ussd,508,established,established,medium,6299.892077485868,14,3
U103302,ussd,159,established,established,small,3018.586185213337,21,3
U103303,app,7,cold_start,new,small,1237.206428327057,14,4
U103304,app,118,established,established,medium,12467.212381968746,17,3
U103305,app,889,established,established,small,3344.2422695628675,12,2
U103306,app,235,established,established,medium,10852.82480784827,21,3
U103307,app,495,established,established,small,2363.915958149889,12,9
U103308,ussd,244,established,established,small,1961.9651500609982,17,2
U103309,ussd,325,established,established,small,2735.8443740887706,12,2
U103310,ussd,192,established,established,small,1705.3806720120203,19,5
U103311,ussd,885,established,established,medium,5137.9864297106315,17,3
U103312,ussd,294,established,established,small,3539.292770967571,17,2
U103313,app,843,established,established,medium,15966.759079893636,12,3
U103314,ussd,5,cold_start,new,medium,7452.19540591294,19,2
U103315,ussd,878,established,established,small,2381.218239770629,17,1
U103316,ussd,641,established,established,medium,7001.104812171959,14,2
U103317,ussd,562,established,established,small,3695.61914677084,17,2
U103318,ussd,1,cold_start,new,small,3041.3197583139263,10,4
U103319,ussd,84,established,1-3mo,small,2936.8409255969755,21,2
U103320,ussd,840,established,established,medium,12596.101237244859,14,9
U103321,app,814,established,established,medium,5053.607006915399,10,3
U103322,ussd,776,established,established,medium,19661.67210705921,10,2
U103323,app,197,established,established,medium,13712.26637864339,12,4
U103324,app,149,established,established,small,3919.2396873615576,10,8
U103325,ussd,630,established,established,small,1495.8959021378303,19,2
U103326,app,307,established,established,small,2581.5515931581886,17,5
U103327,ussd,124,established,established,medium,8000.1933937482945,17,4
U103328,app,148,established,established,medium,8473.586161993902,12,2
U103329,ussd,138,established,established,medium,9451.085030173512,10,3
U103330,app,360,established,established,small,4516.781296591983,10,2
U103331,ussd,618,established,established,small,1628.3152824346707,19,3
U103332,app,658,established,established,small,1362.5512752561372,9,5
U103333,app,11,cold_start,new,small,3038.451194642452,19,2
U103334,app,350,established,established,small,1191.5067057893455,9,4
U103335,ussd,162,established,established,small,1818.9869544898672,10,3
U103336,ussd,813,established,established,small,1500.6209593833503,9,5
U103337,ussd,519,established,established,small,1583.1641773331046,17,6
U103338,app,468,established,established,small,4440.477273217995,17,2
U103339,app,74,established,1-3mo,medium,10429.807802639532,21,3
U103340,app,192,established,established,small,3060.5675677568934,9,2
U103341,ussd,379,established,established,small,4500.321469840543,21,2
U103342,ussd,130,established,established,small,2982.1142202115334,17,3
U103343,app,211,established,established,small,3718.1056894727376,19,7
U103344,ussd,496,established,established,medium,5454.654096401273,21,3
U103345,ussd,418,established,established,medium,6624.057931996999,17,2
U103346,app,350,established,established,medium,6197.332321128531,17,3
U103347,app,292,established,established,small,4561.919748064143,9,7
U103348,app,404,established,established,medium,12743.032451894382,9,4
U103349,app,75,established,1-3mo,small,2629.7206578094724,14,1
U103350,app,707,established,established,small,3977.4461295295,10,3
U103351,ussd,583,established,established,small,1779.577956628151,19,4
U103352,app,211,established,established,small,1661.2334491788813,19,1
U103353,ussd,75,established,1-3mo,small,1781.4393098834896,21,3
U103354,ussd,5,cold_start,new,small,2098.6900089486385,14,7
U103355,ussd,848,established,established,medium,22673.77637264279,12,4
U103356,ussd,348,established,established,small,4058.51061037883,9,1
U103357,app,4,cold_start,new,medium,9066.01847135615,21,8
U103358,app,13,cold_start,new,medium,5132.011293061982,19,2
U103359,app,268,established,established,medium,25788.40416275808,12,5
U103360,ussd,195,established,established,medium,20492.11149753315,14,9
U103361,ussd,248,established,established,medium,19620.85798021738,9,6
U103362,app,12,cold_start,new,small,1754.0838047423417,19,2
U103363,app,8,cold_start,new,medium,6072.603134979285,17,2
U103364,ussd,292,established,established,small,4711.180476655469,12,2
U103365,app,244,established,established,small,1446.2300143475852,9,6
U103366,ussd,2,cold_start,new,small,3560.53714526514,14,4
U103367,app,813,established,established,medium,10017.781663687836,14,2
U103368,app,87,established,1-3mo,medium,11137.858795733417,10,4
U103369,app,443,established,established,small,4747.804387366009,10,7
U103370,app,564,established,established,small,2908.680944089163,10,4
U103371,app,503,established,established,small,694.4319273115979,12,5
U103372,ussd,197,established,established,small,3517.086863692098,17,6
U103373,app,674,established,established,small,2440.6965500480032,12,6
U103374,ussd,298,established,established,medium,5853.7002249706675,17,6
U103375,app,867,established,established,small,3166.1520503012107,9,4
U103376,app,9,cold_start,new,small,3028.737572874428,21,5
U103377,app,799,established,established,small,4369.023768671207,17,2
U103378,app,306,established,established,small,4226.414887025492,14,3
U103379,app,411,established,established,medium,7952.69391907463,19,4
U103380,app,296,established,established,small,3532.7150634781324,14,2
U103381,ussd,382,established,established,medium,8605.770235548025,17,4
U103382,ussd,862,established,established,medium,7828.498249176572,12,2
U103383,ussd,679,established,established,medium,11947.427624678925,17,3
U103384,app,790,established,established,medium,8046.207219576311,19,1
U103385,ussd,681,established,established,small,2166.829937316519,14,3
U103386,ussd,406,established,established,medium,16059.282757198282,9,4
U103387,app,517,established,established,medium,11070.563093299133,21,3
U103388,app,5,cold_start,new,medium,5459.502841063633,12,2
U103389,ussd,12,cold_start,new,medium,13014.331527678607,10,2
U103390,ussd,8,cold_start,new,small,2421.438491304789,10,3
U103391,app,612,established,established,small,1149.5041621976638,19,9
U103392,app,844,established,established,medium,15435.404609502171,14,2
U103393,ussd,82,established,1-3mo,small,1252.8784567685702,10,3
U103394,app,301,established,established,large,32727.50468317659,9,3
U103395,ussd,424,established,established,small,1834.8208232325194,9,3
U103396,ussd,366,established,established,small,1534.1557860472096,12,6
U103397,ussd,522,established,established,medium,6063.182311159138,17,3
U103398,ussd,845,established,established,medium,5862.806655636433,9,5
U103399,app,836,established,established,medium,5511.788273645117,21,1
U103400,ussd,870,established,established,medium,8083.087371450274,17,2
U103401,ussd,503,established,established,small,3767.3921389009315,21,8
U103402,ussd,323,established,established,small,3702.5595600148877,9,3
U103403,app,383,established,established,medium,17333.363598314754,17,2
U103404,app,432,established,established,small,4913.91932599006,21,4
U103405,app,524,established,established,small,500.0,19,3
U103406,app,66,established,1-3mo,small,2202.7360641611845,17,3
U103407,ussd,553,established,established,medium,6875.262224595244,14,5
U103408,ussd,867,established,established,small,2343.390903765051,12,3
U103409,ussd,459,established,established,medium,7504.978433489425,14,6
U103410,ussd,129,established,established,small,1790.02049876108,17,2
U103411,app,658,established,established,medium,10373.685326469098,12,2
U103412,app,868,established,established,medium,25250.672378506115,19,2
U103413,app,201,established,established,small,4066.221427305012,14,1
U103414,app,480,established,established,small,3876.950710034152,17,2
U103415,app,720,established,established,medium,10011.497800482302,14,3
U103416,app,837,established,established,small,2410.5133630625746,21,4
U103417,app,767,established,established,small,3485.820777708319,14,6
U103418,ussd,242,established,established,medium,6200.284466314251,17,6
U103419,app,289,established,established,medium,5589.604319330931,14,3
U103420,app,213,established,established,small,1372.0442840202757,12,2
U103421,app,808,established,established,small,2943.6024856520003,21,2
U103422,ussd,311,established,established,small,2573.263668583788,9,4
U103423,ussd,455,established,established,small,4918.87578768074,10,3
U103424,app,287,established,established,small,2574.009868166804,17,10
U103425,app,570,established,established,medium,7505.690539922982,9,3
U103426,ussd,759,established,established,medium,18513.071777735116,17,3
U103427,ussd,651,established,established,small,1460.0368691029116,14,4
U103428,ussd,846,established,established,small,2453.597777601704,19,5
U103429,ussd,511,established,established,medium,8005.500402358922,12,3
U103430,ussd,555,established,established,medium,6254.800391251627,17,1
U103431,ussd,351,established,established,small,3769.6039949196593,21,2
U103432,app,851,established,established,small,2397.361147348468,21,1
U103433,ussd,307,established,established,medium,8625.232263264696,10,3
U103434,app,658,established,established,medium,15001.321730956295,10,2
U103435,ussd,891,established,established,medium,10798.876033384633,12,4
U103436,app,342,established,established,small,708.5313552177081,19,4
U103437,app,869,established,established,medium,8249.429677171933,19,2
U103438,ussd,274,established,established,medium,5332.086242988424,12,1
U103439,ussd,389,established,established,medium,6178.032746932082,9,5
U103440,app,695,established,established,small,1540.5900317049304,10,2
U103441,ussd,740,established,established,small,4866.058668619609,19,3
U103442,app,839,established,established,medium,13364.45790579744,19,2
U103443,app,700,established,established,small,4318.868287284948,17,2
U103444,ussd,128,established,established,medium,6561.484529462958,10,10
U103445,app,814,established,established,medium,15092.805436169987,17,6
U103446,app,86,established,1-3mo,medium,9357.623959599341,12,2
U103447,ussd,837,established,established,medium,10868.037361866043,19,6
U103448,app,740,established,established,medium,5925.130240585278,10,4
U103449,app,11,cold_start,new,small,2204.2922380140776,10,3
U103450,app,233,established,established,small,2489.8863503584485,17,5
U103451,ussd,319,established,established,small,1525.3536766355662,12,3
U103452,app,803,established,established,small,3664.0022515592786,19,3
U103453,app,501,established,established,small,4380.6347312638445,10,3
U103454,ussd,343,established,established,small,3313.372140541035,17,4
U103455,app,794,established,established,medium,7959.027679555725,21,3
U103456,app,520,established,established,small,1689.4412197774889,10,2
U103457,ussd,203,established,established,small,3237.144136561816,17,6
U103458,ussd,119,established,established,medium,6285.134920995511,12,3
U103459,app,638,established,established,medium,5346.566584344257,9,3
U103460,ussd,135,established,established,small,4672.8060112685425,12,1
U103461,ussd,484,established,established,medium,21052.494655350896,10,1
U103462,app,600,established,established,medium,6281.638443308293,10,2
U103463,ussd,411,established,established,small,2907.8012061766467,10,5
U103464,ussd,541,established,established,small,3758.125260665001,17,2
U103465,ussd,169,established,established,medium,9419.15110450939,17,5
U103466,ussd,72,established,1-3mo,small,3423.94122763462,12,3
U103467,ussd,852,established,established,medium,8377.28679367523,17,8
U103468,ussd,3,cold_start,new,small,2801.9991522297046,19,6
U103469,ussd,730,established,established,small,4273.0490329439135,10,4
U103470,ussd,260,established,established,small,3286.8875030629397,12,3
U103471,ussd,515,established,established,small,3397.489694481333,12,3
U103472,ussd,134,established,established,small,4179.038992796024,21,7
U103473,ussd,76,established,1-3mo,small,1559.006712380653,10,1
U103474,app,655,established,established,small,2679.910250628694,12,2
U103475,app,133,established,established,small,3952.0280171466457,19,4
U103476,ussd,462,established,established,medium,5054.244042029446,14,4
U103477,app,456,established,established,small,1089.1571985201076,17,2
U103478,ussd,586,established,established,small,1493.0197949084184,10,5
U103479,ussd,91,established,established,large,40642.6424351209,9,8
U103480,ussd,350,established,established,medium,7369.482046439434,12,3
U103481,app,496,established,established,small,3146.5755710028257,9,1
U103482,ussd,399,established,established,small,4851.329497136581,12,3
U103483,app,471,established,established,medium,9689.076060781668,19,3
U103484,ussd,109,established,established,medium,6087.536186054074,9,4
U103485,app,107,established,established,small,4134.745279548795,14,3
U103486,ussd,528,established,established,medium,6269.608359249918,9,2
U103487,ussd,551,established,established,small,1271.6109021651266,9,1
U103488,ussd,872,established,established,small,3765.2499700514413,14,3
U103489,ussd,546,established,established,small,2511.8871450221345,14,5
U103490,app,829,established,established,small,4603.765743850283,10,5
U103491,app,772,established,established,medium,8422.772418085495,9,1
U103492,app,214,established,established,small,1844.2966453823574,19,1
U103493,ussd,9,cold_start,new,medium,7061.341409523276,21,2
U103494,ussd,887,established,established,small,1152.63161049961,14,4
U103495,app,845,established,established,medium,12602.767089859393,21,4
U103496,app,204,established,established,small,2928.9612709167272,9,3
U103497,app,149,established,established,medium,19530.876336847068,17,3
U103498,ussd,335,established,established,small,1158.2298746369431,17,2
U103499,app,395,established,established,medium,7263.247989085103,19,3
U103500,app,659,established,established,small,4135.30612034923,17,2
U103501,app,1,cold_start,new,small,2038.6282804471107,17,5
U103502,app,673,established,established,medium,5268.683225370937,19,6
U103503,app,460,established,established,medium,5403.482222330908,12,2
U103504,app,242,established,established,medium,5750.036591126067,14,3
U103505,ussd,78,established,1-3mo,medium,9972.173533504583,9,2
U103506,ussd,222,established,established,small,3079.302461922969,19,3
U103507,app,301,established,established,medium,15657.173737178962,19,2
U103508,ussd,255,established,established,medium,9581.13062441531,10,5
U103509,app,642,established,established,medium,10138.036797837329,9,1
U103510,ussd,604,established,established,medium,6517.115778634911,9,6
U103511,ussd,740,established,established,small,2785.348104022337,21,2
U103512,app,419,established,established,small,1059.3089783320313,17,3
U103513,ussd,353,established,established,medium,15462.461315557934,17,2
U103514,ussd,139,established,established,medium,7729.578465813637,9,2
U103515,ussd,889,established,established,medium,8318.488673163794,14,3
U103516,app,630,established,established,small,4720.879426910602,9,4
U103517,app,731,established,established,small,1992.0210660968303,10,7
U103518,app,2,cold_start,new,medium,11285.918173635637,9,6
U103519,ussd,624,established,established,medium,5681.178353266606,14,4
U103520,ussd,84,established,1-3mo,medium,7792.688229546226,21,3
U103521,app,519,established,established,medium,24881.054451357268,19,3
U103522,ussd,566,established,established,medium,5293.147371431527,17,2
U103523,app,438,established,established,medium,22949.828810536408,10,2
U103524,app,406,established,established,small,1662.8355624844696,10,3
U103525,ussd,837,established,established,small,1982.8235624588895,21,2
U103526,ussd,161,established,established,small,1945.7554599632092,10,6
U103527,ussd,743,established,established,small,3909.2489571641117,17,6
U103528,ussd,628,established,established,medium,14935.561562212853,14,3
U103529,ussd,232,established,established,medium,5336.170079904832,10,2
U103530,ussd,703,established,established,medium,13224.979516131707,9,1
U103531,app,131,established,established,small,1606.4691563455274,17,7
U103532,ussd,708,established,established,small,1115.7103361101056,14,10
U103533,ussd,701,established,established,medium,5198.074438223235,19,4
U103534,app,365,established,established,small,4538.687079580681,14,12
U103535,app,77,established,1-3mo,medium,8070.204961660628,9,1
U103536,app,415,established,established,small,2809.3679925687507,14,3
U103537,app,159,established,established,medium,5761.940100550053,17,8
U103538,ussd,753,established,established,medium,5040.952071117422,17,7
U103539,app,397,established,established,small,4429.0362590603845,12,5
U103540,ussd,753,established,established,small,4424.419325032785,17,5
U103541,app,105,established,established,small,3830.8704899062263,17,2
U103542,app,209,established,established,medium,5846.4957105920075,17,2
U103543,app,726,established,established,medium,9162.18121067424,9,1
U103544,app,191,established,established,small,2473.4397336791126,19,10
U103545,ussd,133,established,established,small,3604.385208162516,19,13
U103546,app,257,established,established,medium,6645.299968054225,14,2
U103547,app,731,established,established,small,1683.572500111801,17,1
U103548,app,77,established,1-3mo,small,2804.5753379483867,17,2
U103549,app,774,established,established,small,829.0441926826612,17,2
U103550,ussd,673,established,established,medium,5403.3848301675525,9,3
U103551,ussd,464,established,established,medium,7728.663945438674,14,5
U103552,app,136,established,established,large,30649.93770607088,21,3
U103553,ussd,2,cold_start,new,medium,6464.667494240235,17,3
U103554,app,495,established,established,medium,16549.88981735851,21,7
U103555,ussd,1,cold_start,new,small,3013.5952329572438,17,3
U103556,ussd,619,established,established,small,2008.3815281351558,9,4
U103557,app,95,established,established,medium,15372.18220223744,12,5
U103558,ussd,512,established,established,medium,6292.875671288608,21,3
U103559,ussd,11,cold_start,new,medium,10210.294380284065,21,5
U103560,app,62,established,1-3mo,small,2236.6877657663017,9,4
U103561,ussd,681,established,established,medium,7492.692983131714,10,2
U103562,ussd,107,established,established,medium,7976.29518330993,12,3
U103563,app,577,established,established,small,1222.8593163046653,17,3
U103564,ussd,658,established,established,medium,7111.995711592096,17,3
U103565,ussd,166,established,established,small,1814.370156783371,17,2
U103566,ussd,486,established,established,small,1602.1493710746026,10,5
U103567,ussd,825,established,established,medium,7885.6309166400215,19,3
U103568,ussd,790,established,established,small,1496.6441527079407,14,4
U103569,ussd,641,established,established,small,3899.79185892246,14,1
U103570,ussd,202,established,established,medium,9217.209635937827,14,10
U103571,app,466,established,established,small,1661.8592316184095,10,2
U103572,app,255,established,established,small,3628.240864601913,21,3
U103573,ussd,78,established,1-3mo,medium,5966.501490499169,17,1
U103574,ussd,183,established,established,small,4788.71240685857,10,2
U103575,app,509,established,established,medium,12507.21216661662,14,3
U103576,ussd,816,established,established,small,2653.602507995713,14,3
U103577,ussd,538,established,established,small,1545.5446914528995,12,1
U103578,ussd,257,established,established,medium,8401.147356148464,9,3
U103579,app,401,established,established,small,2889.1282915655947,10,6
U103580,ussd,7,cold_start,new,small,1134.3135332811087,10,3
U103581,app,588,established,established,medium,13157.024017677313,12,2
U103582,app,444,established,established,medium,6622.484967753034,12,4
U103583,ussd,200,established,established,small,2603.293850385546,9,4
U103584,ussd,60,established,1-3mo,medium,7258.551158835001,21,2
U103585,app,285,established,established,medium,12602.496540477461,19,3
U103586,ussd,661,established,established,medium,5446.983627706587,12,6
U103587,ussd,562,established,established,small,654.0026539797984,21,4
U103588,app,306,established,established,small,1834.7728217386675,12,2
U103589,app,673,established,established,medium,8372.482663179186,12,4
U103590,ussd,426,established,established,small,4465.459027265948,10,2
U103591,ussd,261,established,established,medium,10217.421933950316,14,5
U103592,app,440,established,established,medium,6387.983616152898,12,4
U103593,ussd,106,established,established,small,4449.937017834685,10,3
U103594,ussd,6,cold_start,new,small,2026.1021538270509,14,4
U103595,ussd,219,established,established,small,3747.629140625773,14,2
U103596,ussd,11,cold_start,new,medium,6192.0584332708795,10,3
U103597,app,435,established,established,small,4134.517700463809,21,2
U103598,app,471,established,established,medium,10616.45489265819,9,9
U103599,app,338,established,established,small,625.5316290689833,17,1
U103600,ussd,482,established,established,medium,5938.112799188282,9,6
U103601,ussd,141,established,established,small,3751.748618651405,17,4
U103602,ussd,740,established,established,large,57239.01948185572,19,5
U103603,app,292,established,established,medium,5516.56389478187,21,3
U103604,ussd,740,established,established,medium,7412.410348493555,17,6
U103605,app,135,established,established,small,1214.211440617659,9,3
U103606,app,489,established,established,medium,5677.600705203683,14,2
U103607,app,330,established,established,small,2230.9569254912612,21,2
U103608,ussd,353,established,established,small,4937.88318001005,9,4
U103609,app,648,established,established,medium,8406.808279067931,19,5
U103610,ussd,373,established,established,small,1123.7255915177477,10,3
U103611,ussd,721,established,established,small,2951.4446172475928,10,3
U103612,ussd,332,established,established,small,3865.572789682728,10,5
U103613,app,726,established,established,small,1841.419685271093,9,3
U103614,ussd,640,established,established,medium,15561.56053194974,9,2
U103615,ussd,9,cold_start,new,medium,24721.82158582422,14,2
U103616,app,724,established,established,medium,7461.579853924244,17,4
U103617,ussd,160,established,established,medium,7775.359386916026,21,4
U103618,ussd,438,established,established,small,3173.9856698751123,12,5
U103619,app,814,established,established,medium,7076.087541686815,17,3
U103620,ussd,234,established,established,small,1416.7515865615972,14,4
U103621,app,345,established,established,small,2774.992202376257,14,2
U103622,app,13,cold_start,new,small,2682.3903918197966,14,2
U103623,ussd,458,established,established,medium,7271.439112956898,19,3
U103624,app,592,established,established,medium,5780.15326138506,12,10
U103625,app,4,cold_start,new,medium,8692.935892544714,21,2
U103626,app,228,established,established,large,31982.548921687037,9,1
U103627,app,242,established,established,small,1633.2719563232497,9,5
U103628,app,703,established,established,medium,8322.792481595498,9,2
U103629,ussd,502,established,established,small,1209.0744357040837,17,4
U103630,app,64,established,1-3mo,small,2344.352990463779,14,2
U103631,app,467,established,established,medium,6583.939207021903,12,3
U103632,ussd,158,established,established,medium,22907.399963057444,17,2
U103633,ussd,599,established,established,medium,5467.25177403792,14,4
U103634,app,574,established,established,small,2722.8013202632014,21,10
U103635,app,442,established,established,small,4294.812044755039,19,4
U103636,app,749,established,established,small,2013.4816852306335,9,2
U103637,app,860,established,established,small,4751.522429186003,10,7
U103638,app,257,established,established,medium,6845.063588940758,14,2
U103639,ussd,769,established,established,medium,8972.835528145275,10,5
U103640,ussd,5,cold_start,new,small,4979.647506425116,19,3
U103641,app,702,established,established,medium,5536.039865478288,17,3
U103642,ussd,241,established,established,small,2674.1319658278544,12,1
U103643,app,832,established,established,medium,6277.063393861939,19,5
U103644,app,606,established,established,medium,14036.239799943478,14,3
U103645,app,203,established,established,small,2284.927749766457,14,3
U103646,app,9,cold_start,new,medium,6309.871385531372,14,3
U103647,ussd,849,established,established,medium,12249.822161768585,12,1
U103648,app,613,established,established,medium,15735.138849948571,12,1
U103649,ussd,812,established,established,small,2665.4543102809803,10,6
U103650,app,353,established,established,small,1559.7472679096747,17,14
U103651,ussd,437,established,established,small,2041.5624978550577,10,3
U103652,ussd,400,established,established,small,2366.521344970125,21,1
U103653,app,353,established,established,medium,6244.624739514074,21,3
U103654,app,824,established,established,medium,18672.849730634338,17,3
U103655,ussd,743,established,established,small,4265.757147499867,21,12
U103656,ussd,770,established,established,small,604.8841195098798,19,2
U103657,app,231,established,established,small,946.8537712723869,9,2
U103658,ussd,411,established,established,medium,10274.361017490379,19,3
U103659,app,416,established,established,small,2516.4995985170444,10,4
U103660,app,399,established,established,medium,10030.855017606833,12,2
U103661,ussd,209,established,established,medium,5318.466934244419,14,1
U103662,app,13,cold_start,new,medium,13674.04879957445,21,1
U103663,app,343,established,established,medium,12227.91001491584,12,2
U103664,app,809,established,established,small,1654.0730536371327,17,6
U103665,app,275,established,established,medium,9703.326011414874,12,13
U103666,app,757,established,established,small,4572.266108226005,9,5
U103667,app,5,cold_start,new,small,2372.496379703553,17,4
U103668,ussd,202,established,established,small,1839.9651911345363,19,5
U103669,ussd,366,established,established,medium,21270.804906776157,12,3
U103670,app,591,established,established,medium,10875.285131371786,21,3
U103671,app,550,established,established,medium,19670.219259584275,12,3
U103672,ussd,799,established,established,medium,12201.230852432358,19,4
U103673,app,230,established,established,medium,10313.908905565797,17,2
U103674,app,293,established,established,medium,18140.915063498112,12,4
U103675,ussd,801,established,established,small,4013.5769296055614,14,2
U103676,app,596,established,established,medium,11467.248877090433,10,3
U103677,ussd,492,established,established,small,4865.152995839392,21,2
U103678,ussd,176,established,established,small,4459.892926790974,12,4
U103679,ussd,755,established,established,small,2100.309667571805,12,2
U103680,app,311,established,established,small,1131.9497701992302,19,2
U103681,app,358,established,established,small,1941.2750422846248,19,5
U103682,app,504,established,established,medium,11252.531559613491,17,3
U103683,ussd,263,established,established,small,2733.0749157396563,10,5
U103684,ussd,832,established,established,medium,5249.741732249072,21,3
U103685,ussd,868,established,established,small,901.1231059522706,9,4
U103686,app,198,established,established,medium,5014.415096311502,9,8
U103687,ussd,823,established,established,medium,7488.705032039709,19,5
U103688,ussd,578,established,established,medium,9128.666625845004,17,5
U103689,ussd,823,established,established,medium,15719.77034388408,9,1
U103690,ussd,272,established,established,medium,11844.64871186809,10,5
U103691,app,839,established,established,large,42438.44663815364,10,2
U103692,app,736,established,established,medium,8190.739747568009,10,8
U103693,ussd,10,cold_start,new,medium,5297.838134439026,21,3
U103694,app,5,cold_start,new,medium,17170.63778035094,10,2
U103695,app,795,established,established,medium,7857.958786769298,17,4
U103696,app,802,established,established,medium,5983.802144546528,10,4
U103697,app,550,established,established,large,34521.63283293285,19,4
U103698,ussd,192,established,established,medium,7440.087151087193,12,7
U103699,app,853,established,established,medium,11521.24180602464,17,4
U103700,app,3,cold_start,new,small,3351.0001678931467,12,4
U103701,ussd,682,established,established,small,1737.693298232906,12,1
U103702,ussd,419,established,established,small,3425.053129208434,14,7
U103703,app,696,established,established,small,2042.707090913875,19,3
U103704,app,375,established,established,small,3319.48335418069,17,4
U103705,app,699,established,established,small,2425.2913402171853,19,4
U103706,app,2,cold_start,new,small,4841.215184475643,17,6
U103707,app,325,established,established,small,3261.7971567776053,19,1
U103708,app,3,cold_start,new,small,3641.362692180366,14,5
U103709,ussd,345,established,established,medium,13409.320156283704,14,7
U103710,ussd,133,established,established,medium,26289.796141287454,19,2
U103711,ussd,835,established,established,small,4127.882980184951,19,2
U103712,app,487,established,established,small,1802.5684219028594,17,15
U103713,app,2,cold_start,new,small,2753.8338891128133,14,2
U103714,ussd,178,established,established,small,1000.1323123775197,12,4
U103715,ussd,4,cold_start,new,small,1518.3423440745921,19,3
U103716,ussd,13,cold_start,new,medium,10266.678632650524,21,3
U103717,app,750,established,established,small,4363.511388960851,17,5
U103718,app,153,established,established,medium,8890.29083300134,21,3
U103719,ussd,84,established,1-3mo,small,3313.623623149973,17,9
U103720,ussd,120,established,established,medium,6090.515806956704,17,1
U103721,app,11,cold_start,new,medium,5059.626910488232,12,1
U103722,ussd,302,established,established,small,2114.3835933216533,14,3
U103723,ussd,585,established,established,medium,14235.37425772749,10,2
U103724,ussd,540,established,established,small,4659.586143160002,17,2
U103725,app,81,established,1-3mo,medium,7025.07737712355,19,2
U103726,ussd,670,established,established,small,1897.1002570677708,19,5
U103727,ussd,12,cold_start,new,small,3614.501111009199,17,2
U103728,app,8,cold_start,new,medium,16237.849284195096,9,4
U103729,ussd,461,established,established,small,3552.895721100142,9,5
U103730,ussd,100,established,established,small,2025.2117557673225,14,2
U103731,ussd,536,established,established,small,4434.824634847098,17,4
U103732,app,874,established,established,small,3094.4237036096342,17,5
U103733,ussd,193,established,established,medium,28063.03064854517,17,2
U103734,app,3,cold_start,new,small,2393.538984928441,12,5
U103735,app,280,established,established,medium,21616.194278449315,19,5
U103736,app,257,established,established,medium,29204.46691019621,9,4
U103737,app,779,established,established,medium,8477.726279809804,10,4
U103738,app,403,established,established,medium,14287.585490435513,12,2
U103739,app,112,established,established,small,1938.1209628102408,9,3
U103740,ussd,289,established,established,large,37491.86296970032,17,3
U103741,app,4,cold_start,new,small,3775.700130923237,10,3
U103742,ussd,12,cold_start,new,large,32817.743998552905,12,1
U103743,app,299,established,established,medium,7780.3092421854335,17,7
U103744,ussd,877,established,established,medium,6213.951486003579,12,2
U103745,ussd,682,established,established,medium,19406.28675749794,21,6
U103746,ussd,514,established,established,small,1760.0845941250718,19,7
U103747,ussd,185,established,established,small,3609.545732546167,21,5
U103748,ussd,10,cold_start,new,medium,5107.507360678948,14,4
U103749,app,393,established,established,medium,18008.34204485907,12,3
U103750,app,279,established,established,medium,9636.152394122455,9,1
U103751,app,453,established,established,medium,9944.186389208196,12,4
U103752,app,520,established,established,small,4209.971135680389,21,2
U103753,app,140,established,established,small,2078.974446191749,19,3
U103754,app,657,established,established,medium,5369.77120810271,14,4
U103755,ussd,309,established,established,medium,6581.487883524283,12,3
U103756,ussd,444,established,established,small,1354.9463181424417,12,2
U103757,ussd,562,established,established,medium,22175.785605964098,21,5
U103758,ussd,510,established,established,medium,10130.120984042755,17,4
U103759,app,163,established,established,small,2424.4517886237036,21,3
U103760,app,635,established,established,small,3906.6408600874634,12,6
U103761,ussd,500,established,established,small,4394.189838392452,21,2
U103762,ussd,68,established,1-3mo,small,2958.8096987874874,9,3
U103763,app,495,established,established,large,40096.835160682735,14,3
U103764,app,8,cold_start,new,medium,7834.1449731907305,9,2
U103765,app,608,established,established,small,2388.458940749425,12,5
U103766,app,138,established,established,small,1553.248564238031,21,2
U103767,app,648,established,established,small,2379.3396974356533,10,2
U103768,app,550,established,established,small,1090.400179494005,17,4
U103769,ussd,689,established,established,medium,11470.732482064008,21,3
U103770,ussd,824,established,established,medium,5023.129565434616,19,3
U103771,ussd,481,established,established,medium,6268.025950560171,12,1
U103772,ussd,176,established,established,medium,11479.867968820838,21,1
U103773,ussd,328,established,established,small,3204.8875526861193,10,3
U103774,app,598,established,established,medium,6012.245414488954,19,2
U103775,ussd,592,established,established,small,1292.180508015434,10,1
U103776,app,455,established,established,small,2042.5785691896135,14,4
U103777,ussd,376,established,established,small,1867.3160609774338,17,3
U103778,app,341,established,established,small,3670.7273593508116,19,4
U103779,ussd,395,established,established,medium,12217.786838887758,17,2
U103780,ussd,102,established,established,medium,11892.871401847156,10,3
U103781,app,347,established,established,medium,6362.756004963281,12,6
U103782,app,748,established,established,small,3584.688797330399,10,3
U103783,app,573,established,established,medium,5801.331971204748,17,2
U103784,ussd,487,established,established,small,2073.161190867471,17,3
U103785,ussd,231,established,established,medium,6877.780427841489,10,3
U103786,app,579,established,established,small,2548.2816624666757,19,3
U103787,ussd,544,established,established,medium,9147.360398613111,19,2
U103788,app,611,established,established,small,1999.1005006037733,14,4
U103789,app,468,established,established,small,1790.397853790701,12,2
U103790,app,812,established,established,small,1443.970080727511,10,3
U103791,ussd,102,established,established,small,4323.229294791657,14,5
U103792,app,340,established,established,medium,10503.077084354456,19,3
U103793,app,881,established,established,small,2530.0979188442216,14,2
U103794,app,644,established,established,medium,18509.39070383317,12,6
U103795,ussd,717,established,established,small,1041.3850200114887,12,11
U103796,ussd,361,established,established,small,4564.961153935732,17,2
U103797,ussd,6,cold_start,new,small,1672.326872518492,21,5
U103798,ussd,447,established,established,medium,20347.383413933054,9,12
U103799,ussd,744,established,established,medium,19656.703150508252,10,3
U103800,app,3,cold_start,new,small,3444.5592172939673,10,3
U103801,ussd,868,established,established,medium,18618.99802904792,9,1
U103802,app,788,established,established,small,4603.560691665955,10,8
U103803,app,280,established,established,medium,6047.291472381201,12,1
U103804,app,226,established,established,small,3884.5363229235036,10,5
U103805,app,3,cold_start,new,medium,6634.186679306678,19,2
U103806,ussd,769,established,established,medium,12318.447736910537,17,4
U103807,ussd,575,established,established,medium,6244.140061656188,10,3
U103808,ussd,829,established,established,medium,8904.743668960282,17,3
U103809,app,566,established,established,small,857.034367525898,10,3
U103810,ussd,110,established,established,medium,10414.05203596469,10,4
U103811,ussd,339,established,established,medium,5031.39671420952,17,5
U103812,app,68,established,1-3mo,small,3271.444788434031,21,2
U103813,ussd,381,established,established,small,992.4946571008377,17,15
U103814,ussd,826,established,established,medium,6342.645332012537,12,2
U103815,app,4,cold_start,new,medium,12473.759043528597,17,2
U103816,ussd,88,established,1-3mo,small,4962.348242023994,21,1
U103817,ussd,641,established,established,medium,6840.0325511727015,21,3
U103818,app,7,cold_start,new,small,4280.780042126986,17,1
U103819,app,481,established,established,medium,6792.396071488295,10,6
U103820,ussd,687,established,established,medium,8052.5307107724975,19,7
U103821,ussd,554,established,established,medium,6605.5704209986925,12,3
U103822,ussd,254,established,established,medium,7747.449107785341,12,1
U103823,ussd,250,established,established,small,2997.855845704822,10,2
U103824,ussd,721,established,established,small,3571.572240450553,19,4
U103825,ussd,758,established,established,medium,6898.91701191722,19,3
U103826,ussd,827,established,established,medium,9365.665761545572,12,3
U103827,ussd,798,established,established,medium,5838.620908416087,12,2
U103828,app,519,established,established,small,3203.700056983772,14,3
U103829,ussd,781,established,established,medium,25523.76349800949,21,2
U103830,ussd,632,established,established,medium,5119.899523413247,10,2
U103831,ussd,426,established,established,small,2978.6493532205864,9,3
U103832,ussd,2,cold_start,new,small,2215.5453788511645,19,4
U103833,ussd,267,established,established,small,2883.486244530203,10,6
U103834,app,158,established,established,small,3197.6635460065386,10,4
U103835,app,414,established,established,small,1637.6055110244868,19,2
U103836,app,502,established,established,small,2904.484136537985,17,4
U103837,app,771,established,established,medium,7032.567184717999,17,3
U103838,app,293,established,established,small,4595.005627570273,9,2
U103839,app,535,established,established,small,3792.1126160083622,10,4
U103840,app,805,established,established,medium,7959.748294690282,19,3
U103841,app,65,established,1-3mo,medium,9201.5494032333,19,4
U103842,ussd,582,established,established,small,3717.3539314856826,17,1
U103843,ussd,276,established,established,medium,6115.578270997708,9,6
U103844,app,420,established,established,large,35705.86395975954,21,4
U103845,app,632,established,established,medium,10362.52810184242,10,3
U103846,app,524,established,established,small,1328.6837005948437,12,7
U103847,app,817,established,established,small,2778.919249578156,19,2
U103848,app,212,established,established,small,2395.3829482120814,10,2
U103849,app,347,established,established,medium,7710.070418279618,19,5
U103850,app,352,established,established,small,4233.69998042969,17,3
U103851,ussd,362,established,established,small,648.4752882140917,10,2
U103852,ussd,205,established,established,medium,20618.30930427401,12,5
U103853,ussd,787,established,established,medium,5695.883351242078,10,3
U103854,app,582,established,established,small,1342.146908777943,17,7
U103855,app,662,established,established,small,1311.0130324741983,21,4
U103856,ussd,820,established,established,small,4623.307271949384,14,3
U103857,app,156,established,established,small,1560.9065947328081,14,3
U103858,ussd,601,established,established,small,2245.208738934513,21,4
U103859,ussd,739,established,established,medium,8650.488742789694,21,4
U103860,ussd,114,established,established,small,3404.463212728935,21,5
U103861,app,427,established,established,small,916.23630279691,12,3
U103862,ussd,283,established,established,small,3392.89605620181,19,2
U103863,app,792,established,established,small,3100.477134853381,17,3
U103864,app,571,established,established,small,734.4141323622143,19,1
U103865,app,1,cold_start,new,small,3326.3435707626404,19,4
U103866,ussd,348,established,established,medium,14962.62732822354,12,2
U103867,ussd,512,established,established,small,1385.575316720732,9,5
U103868,app,119,established,established,medium,6328.967063756917,19,7
U103869,app,269,established,established,small,3081.8460888990617,9,3
U103870,ussd,170,established,established,small,1627.7178442215736,10,4
U103871,ussd,490,established,established,medium,5771.7177593627375,14,1
U103872,app,784,established,established,medium,10881.346554805812,10,2
U103873,app,632,established,established,medium,8279.587533115715,17,3
U103874,ussd,767,established,established,small,2743.972765754531,14,5
U103875,ussd,589,established,established,medium,9318.80380815272,10,3
U103876,ussd,588,established,established,medium,8042.3196686575,9,2
U103877,app,422,established,established,small,2395.0749105863906,19,4
U103878,app,174,established,established,medium,6977.621245784633,21,2
U103879,app,847,established,established,small,1798.4372102880766,10,2
U103880,app,341,established,established,small,3465.4942160073906,12,2
U103881,ussd,3,cold_start,new,small,2680.294868081371,10,3
U103882,app,166,established,established,small,3860.9148536541375,12,5
U103883,ussd,426,established,established,medium,8196.732996674042,21,7
U103884,ussd,632,established,established,medium,7417.133936799411,19,2
U103885,ussd,818,established,established,small,3342.607094928587,9,8
U103886,ussd,485,established,established,medium,9256.795594239846,17,2
U103887,ussd,874,established,established,small,4868.271237010032,14,3
U103888,app,675,established,established,small,4967.48187863868,9,2
U103889,app,688,established,established,medium,21301.61355684763,14,2
U103890,app,731,established,established,medium,7351.519116147144,9,4
U103891,ussd,578,established,established,medium,10328.782799146717,12,9
U103892,ussd,4,cold_start,new,small,4019.2572406550016,14,7
U103893,app,363,established,established,small,3929.7580633558573,9,3
U103894,app,814,established,established,small,2218.5597980922685,9,2
U103895,app,419,established,established,medium,7243.318160234249,19,4
U103896,app,472,established,established,medium,11428.212435221398,9,3
U103897,ussd,9,cold_start,new,small,934.1528810612336,12,3
U103898,app,896,established,established,small,1511.8457069642743,19,10
U103899,ussd,560,established,established,small,3788.098732427296,17,3
U103900,ussd,216,established,established,medium,5961.782917286851,12,2
U103901,app,778,established,established,small,3864.721358638682,10,4
U103902,app,504,established,established,small,1775.9180113003938,17,3
U103903,ussd,216,established,established,medium,6673.530860438601,17,1
U103904,ussd,796,established,established,small,1108.4749926057711,19,2
U103905,app,11,cold_start,new,small,1148.6596650983913,12,4
U103906,app,402,established,established,medium,11124.34402451545,21,2
U103907,ussd,578,established,established,medium,11011.62957214344,12,4
U103908,ussd,731,established,established,small,3533.0995413874116,21,3
U103909,ussd,461,established,established,medium,5958.218667526643,14,2
U103910,ussd,784,established,established,medium,6659.010201865155,10,2
U103911,ussd,562,established,established,medium,15895.88039439897,9,2
U103912,app,248,established,established,small,1964.086437121643,9,14
U103913,ussd,392,established,established,small,3586.15609455317,12,5
U103914,app,285,established,established,small,1797.3265435918304,10,4
U103915,ussd,431,established,established,medium,5275.221898159903,9,5
U103916,ussd,5,cold_start,new,small,3507.1647338982016,12,2
U103917,ussd,843,established,established,medium,7691.930149880884,17,3
U103918,ussd,785,established,established,small,3357.386768188508,12,5
U103919,ussd,541,established,established,small,765.6640466795993,10,3
U103920,ussd,102,established,established,small,3121.624249135154,12,2
U103921,ussd,2,cold_start,new,small,3092.396640639772,9,3
U103922,ussd,729,established,established,medium,20222.576964590815,10,2
U103923,app,859,established,established,medium,8716.978218668251,12,4
U103924,app,875,established,established,small,784.1542553509673,9,3
U103925,ussd,593,established,established,medium,17864.556298101346,12,3
U103926,ussd,240,established,established,large,30438.98919103535,12,2
U103927,ussd,732,established,established,small,590.270986635795,19,5
U103928,ussd,161,established,established,small,4348.457718438224,10,3
U103929,app,879,established,established,medium,5409.98783450525,9,6
U103930,app,159,established,established,small,2184.8271725620425,12,1
U103931,ussd,158,established,established,small,1368.4947237607234,10,3
U103932,app,683,established,established,small,2004.329703422715,21,3
U103933,ussd,655,established,established,small,3844.9970250002834,21,2
U103934,ussd,239,established,established,medium,6461.105259281608,17,2
U103935,ussd,97,established,established,small,2901.3094291976554,17,4
U103936,app,307,established,established,medium,6098.787981165122,10,3
U103937,ussd,451,established,established,small,2601.4156530060536,19,13
U103938,app,280,established,established,medium,18677.25598460063,19,3
U103939,app,470,established,established,small,582.3032655181737,14,3
U103940,app,455,established,established,small,2189.421903643762,21,5
U103941,app,390,established,established,small,2320.844095378582,17,4
U103942,ussd,628,established,established,small,3527.7509649761064,10,4
U103943,ussd,837,established,established,medium,6681.161407282517,14,4
U103944,app,717,established,established,small,1365.950789101023,19,3
U103945,ussd,299,established,established,medium,25680.226787910804,9,6
U103946,ussd,416,established,established,medium,5192.796675469469,12,3
U103947,ussd,339,established,established,medium,10937.233844899007,9,5
U103948,ussd,734,established,established,small,3530.2190826919655,10,2
U103949,ussd,815,established,established,small,4648.507749791648,19,3
U103950,app,788,established,established,medium,14374.381775699978,9,2
U103951,app,499,established,established,small,2001.6911451945919,10,3
U103952,app,874,established,established,small,2471.1045053203807,14,2
U103953,ussd,341,established,established,medium,6571.446417527114,12,3
U103954,ussd,393,established,established,medium,9232.09079918655,10,3
U103955,app,739,established,established,small,2103.961049311133,12,2
U103956,app,681,established,established,medium,15468.511225957143,10,2
U103957,ussd,154,established,established,medium,10126.68663539109,10,2
U103958,app,240,established,established,small,4169.134896087367,21,3
U103959,ussd,240,established,established,medium,8446.35166953386,9,1
U103960,ussd,311,established,established,medium,7572.332848278172,14,1
U103961,app,577,established,established,small,2801.3818495514856,17,3
U103962,app,567,established,established,small,4325.988329684225,12,6
U103963,app,865,established,established,medium,14286.382413825098,10,3
U103964,app,602,established,established,medium,8473.95721840535,14,2
U103965,ussd,538,established,established,small,3824.7997289757814,9,3
U103966,ussd,715,established,established,small,2498.153589235288,14,2
U103967,app,744,established,established,medium,8724.040297003843,9,3
U103968,ussd,439,established,established,small,1663.7257220544323,9,4
U103969,app,135,established,established,small,1272.7021938459343,12,3
U103970,app,182,established,established,medium,8577.736516232693,10,2
U103971,ussd,272,established,established,medium,5582.164086041486,21,7
U103972,ussd,463,established,established,small,3435.0177833016282,9,3
U103973,ussd,573,established,established,medium,5244.829208063902,14,4
U103974,app,671,established,established,small,1542.2205864752698,19,4
U103975,ussd,642,established,established,small,1156.812737608296,14,2
U103976,app,473,established,established,small,3568.0983565129955,21,2
U103977,ussd,12,cold_start,new,small,1422.2899172692912,10,2
U103978,ussd,757,established,established,medium,6874.979266428965,12,1
U103979,ussd,112,established,established,small,4349.053103688513,17,3
U103980,app,891,established,established,small,4162.178393932219,19,3
U103981,app,341,established,established,medium,8225.21056370542,14,4
U103982,ussd,447,established,established,small,1985.1215508815396,17,4
U103983,app,116,established,established,small,1603.8707205151031,19,3
U103984,ussd,599,established,established,small,3170.831707694733,12,12
U103985,ussd,535,established,established,medium,6405.538503918512,17,3
U103986,ussd,822,established,established,small,2378.358131199714,14,4
U103987,app,381,established,established,medium,5099.985809567914,17,3
U103988,ussd,780,established,established,medium,7084.377891091417,10,6
U103989,app,269,established,established,medium,13762.27908700035,12,1
U103990,app,369,established,established,small,1765.9264391699464,17,2
U103991,ussd,110,established,established,small,2527.3127985411206,21,2
U103992,app,854,established,established,medium,10466.798009913642,9,5
U103993,ussd,112,established,established,small,1567.7850630511675,14,2
U103994,ussd,1,cold_start,new,small,1714.7502536254349,14,2
U103995,ussd,8,cold_start,new,small,3474.889537369092,10,3
U103996,ussd,860,established,established,medium,6899.326252992001,12,3
U103997,ussd,230,established,established,medium,23720.215051685154,10,9
U103998,app,716,established,established,small,788.7788474436793,10,4
U103999,ussd,13,cold_start,new,medium,16314.092385500957,9,2
U104000,app,12,cold_start,new,small,3272.602608114381,10,2
U104001,ussd,11,cold_start,new,small,3737.9588528417407,14,9
U104002,app,156,established,established,medium,5771.250738119012,19,2
U104003,ussd,597,established,established,small,2696.604450905952,19,3
U104004,app,495,established,established,small,2717.3532874442594,14,2
U104005,app,823,established,established,small,1611.684611899841,12,9
U104006,app,805,established,established,small,3316.4925629056447,17,3
U104007,app,738,established,established,medium,5030.617450219298,17,2
U104008,app,336,established,established,medium,8858.794857497325,14,2
U104009,app,856,established,established,medium,7833.973230150068,10,4
U104010,app,583,established,established,medium,5274.219302868619,10,1
U104011,ussd,91,established,established,small,2312.2428214508336,19,3
U104012,app,12,cold_start,new,small,3518.5455182638802,19,3
U104013,ussd,389,established,established,small,1742.0950972516284,14,5
U104014,app,272,established,established,medium,8174.234861173939,14,3
U104015,ussd,556,established,established,medium,15870.740358817833,9,6
U104016,app,113,established,established,medium,10925.811418119392,17,4
U104017,ussd,495,established,established,medium,5254.824112875309,17,8
U104018,ussd,3,cold_start,new,small,3896.1900133376794,10,2
U104019,ussd,171,established,established,medium,9608.96048783132,19,2
U104020,app,697,established,established,small,2424.751432439423,12,2
U104021,ussd,621,established,established,medium,14647.118338621134,21,3
U104022,app,898,established,established,small,3636.4353679303476,21,5
U104023,app,735,established,established,small,1309.7916537833053,17,4
U104024,app,841,established,established,medium,5968.482289977916,21,4
U104025,ussd,7,cold_start,new,medium,8307.456890635274,14,2
U104026,app,10,cold_start,new,medium,11498.630763360052,12,11
U104027,ussd,312,established,established,medium,12504.802373794548,12,5
U104028,app,479,established,established,medium,8588.988447787571,21,5
U104029,app,555,established,established,medium,16489.760725265074,14,5
U104030,app,2,cold_start,new,medium,5665.534791637066,21,3
U104031,app,757,established,established,small,2908.988431019819,10,3
U104032,ussd,384,established,established,medium,11368.851557086384,9,3
U104033,ussd,611,established,established,medium,5623.345485136828,14,4
U104034,ussd,620,established,established,medium,25208.31819238679,21,3
U104035,app,678,established,established,medium,7389.072126481271,14,6
U104036,app,583,established,established,medium,14250.007029423794,10,6
U104037,ussd,1,cold_start,new,medium,5896.338255000601,10,4
U104038,app,13,cold_start,new,medium,10900.910387002637,19,2
U104039,app,65,established,1-3mo,medium,6243.785876030752,21,2
U104040,ussd,525,established,established,small,1002.0958545613173,14,3
U104041,app,864,established,established,small,3121.0199889718406,14,8
U104042,app,874,established,established,medium,17099.528645554998,14,2
U104043,app,516,established,established,medium,12084.538643004003,21,1
U104044,ussd,875,established,established,small,4771.165300251537,12,3
U104045,app,845,established,established,small,915.798758104243,12,5
U104046,ussd,411,established,established,large,37473.0280938541,21,2
U104047,app,607,established,established,small,1912.226540404791,19,2
U104048,app,354,established,established,medium,7536.999585537742,9,2
U104049,app,689,established,established,small,2242.797885558265,19,1
U104050,ussd,810,established,established,small,3484.470897440222,12,6
U104051,app,218,established,established,medium,19423.422100578533,17,4
U104052,ussd,650,established,established,small,4401.6081968797835,10,2
U104053,app,388,established,established,small,809.0692451205281,9,2
U104054,app,746,established,established,small,3072.2129600237126,19,2
U104055,app,811,established,established,small,2949.6993094307572,17,3
U104056,ussd,541,established,established,medium,10902.87837895357,17,3
U104057,app,898,established,established,medium,11810.370001242361,17,4
U104058,ussd,435,established,established,small,2495.4889241065075,10,2
U104059,ussd,143,established,established,small,1342.9637330598878,9,2
U104060,ussd,8,cold_start,new,medium,12280.269232155408,9,2
U104061,ussd,654,established,established,small,2707.877017602239,10,2
U104062,ussd,602,established,established,small,1843.2549110285092,10,2
U104063,ussd,395,established,established,medium,9942.661499856751,14,3
U104064,app,152,established,established,small,2269.182355756381,17,3
U104065,ussd,651,established,established,small,1922.5831686787908,12,2
U104066,ussd,703,established,established,medium,14884.317669748069,19,2
U104067,app,9,cold_start,new,medium,8848.601546215828,10,6
U104068,ussd,493,established,established,small,1855.8918838694235,10,4
U104069,ussd,11,cold_start,new,small,4077.0775555612236,19,4
U104070,app,735,established,established,medium,8087.018596057632,17,6
U104071,ussd,718,established,established,medium,7635.819481958732,9,4
U104072,app,445,established,established,small,1568.1602313765072,19,2
U104073,app,868,established,established,small,1915.779969750522,9,2
U104074,app,13,cold_start,new,medium,7249.943754007189,14,2
U104075,ussd,140,established,established,small,967.0836634943158,14,2
U104076,app,483,established,established,medium,6233.038469908112,19,2
U104077,ussd,565,established,established,medium,9653.237910116895,19,1
U104078,app,797,established,established,small,1724.6632064212058,9,4
U104079,app,484,established,established,medium,11669.523672854644,10,5
U104080,ussd,122,established,established,small,1419.9739702976428,17,1
U104081,app,768,established,established,medium,19169.48489372472,10,1
U104082,ussd,84,established,1-3mo,small,2893.7055153422716,12,1
U104083,app,542,established,established,medium,19870.43400655091,12,3
U104084,ussd,895,established,established,medium,12383.571488424448,17,3
U104085,ussd,2,cold_start,new,medium,23811.28279256762,19,4
U104086,app,333,established,established,medium,11268.503370770206,12,6
U104087,app,777,established,established,small,1336.2375189070103,17,4
U104088,app,3,cold_start,new,medium,9777.71003570323,19,3
U104089,ussd,580,established,established,medium,9494.880958733705,19,2
U104090,ussd,712,established,established,medium,17593.316034837906,9,1
U104091,app,262,established,established,medium,11699.980024054004,12,2
U104092,app,11,cold_start,new,medium,7066.023797785582,17,5
U104093,ussd,659,established,established,medium,8640.761165626438,17,3
U104094,app,819,established,established,small,3862.686778810421,12,3
U104095,ussd,354,established,established,medium,6408.363866228214,19,2
U104096,ussd,363,established,established,small,1040.4048182285946,12,2
U104097,app,142,established,established,small,3053.7738831831116,12,2
U104098,ussd,617,established,established,medium,11336.991413143129,9,1
U104099,app,368,established,established,large,45566.43068791291,10,2
U104100,app,616,established,established,large,56611.43050909734,21,9
U104101,ussd,326,established,established,small,3179.7682906405735,17,5
U104102,ussd,290,established,established,medium,7455.688398861558,21,5
U104103,ussd,396,established,established,small,4551.49174138325,10,4
U104104,ussd,591,established,established,small,1958.8358618381742,21,1
U104105,app,586,established,established,medium,5969.219866385,9,3
U104106,ussd,896,established,established,small,3368.329668119244,9,6
U104107,ussd,282,established,established,medium,6778.348894330345,17,2
U104108,app,2,cold_start,new,medium,5679.572547423341,14,3
U104109,app,728,established,established,medium,7249.667621704456,17,3
U104110,ussd,141,established,established,small,2842.5480495127194,14,4
U104111,ussd,668,established,established,small,1792.429393538544,21,2
U104112,app,276,established,established,medium,7730.721951441554,12,8
U104113,ussd,274,established,established,medium,17582.99601564308,12,7
U104114,app,820,established,established,medium,6135.958638155323,19,4
U104115,app,886,established,established,small,3847.1474175083704,21,3
U104116,app,571,established,established,small,2831.6614954482798,10,4
U104117,ussd,12,cold_start,new,medium,13316.940407638322,19,3
U104118,app,5,cold_start,new,medium,6457.059983204601,19,4
U104119,app,214,established,established,medium,7319.535433035658,19,1
U104120,app,809,established,established,large,47727.91527215319,14,2
U104121,ussd,63,established,1-3mo,medium,5599.196667664344,14,2
U104122,ussd,793,established,established,medium,7236.463409810967,14,4
U104123,app,389,established,established,medium,22287.82414025655,14,3
U104124,ussd,818,established,established,medium,9766.213945078154,17,3
U104125,app,3,cold_start,new,small,2122.9922505431578,17,1
U104126,app,175,established,established,medium,19017.058943820946,17,3
U104127,ussd,467,established,established,medium,7542.382525832141,19,1
U104128,ussd,807,established,established,medium,18314.849400119314,19,1
U104129,app,1,cold_start,new,medium,18022.81719758524,17,3
U104130,ussd,307,established,established,small,813.6184545042732,14,11
U104131,app,241,established,established,medium,20985.40912602752,12,3
U104132,ussd,808,established,established,small,2808.4502048666523,17,4
U104133,ussd,453,established,established,small,1029.8837289352387,10,5
U104134,ussd,238,established,established,small,748.571277117831,10,1
U104135,app,365,established,established,small,849.343140226195,14,3
U104136,ussd,897,established,established,small,850.4127923057193,21,4
U104137,ussd,108,established,established,medium,7830.727692449345,12,3
U104138,app,280,established,established,medium,6620.207299113885,10,3
U104139,app,812,established,established,small,2258.4948513101363,10,5
U104140,ussd,625,established,established,small,2390.7552597101453,12,1
U104141,app,650,established,established,small,2334.19841589009,19,2
U104142,ussd,695,established,established,medium,15824.83448806623,17,4
U104143,app,272,established,established,small,2942.6674893671243,14,4
U104144,ussd,788,established,established,small,2116.1981852899053,9,3
U104145,app,66,established,1-3mo,small,1641.6374836055904,9,3
U104146,ussd,4,cold_start,new,medium,5787.102456158879,17,5
U104147,ussd,200,established,established,small,3666.3542919796027,12,1
U104148,app,135,established,established,medium,16317.258527912882,19,5
U104149,ussd,591,established,established,small,4624.090154009299,14,6
U104150,ussd,650,established,established,medium,6803.206825176005,19,5
U104151,app,870,established,established,small,668.7052903525525,10,2
U104152,app,767,established,established,small,2602.191547272659,21,3
U104153,ussd,305,established,established,medium,5113.3576379065935,12,3
U104154,ussd,876,established,established,small,2808.899896984854,10,5
U104155,app,244,established,established,medium,8852.061276854693,12,2
U104156,ussd,873,established,established,medium,12271.536782907988,12,4
U104157,app,636,established,established,medium,12685.544503460227,14,4
U104158,app,415,established,established,medium,5468.780355964788,9,2
U104159,ussd,738,established,established,small,1495.7205211675846,21,3
U104160,app,249,established,established,medium,10266.589465601024,19,5
U104161,app,736,established,established,medium,6250.0351211931,9,9
U104162,ussd,800,established,established,small,3168.510734306976,12,8
U104163,app,383,established,established,small,1698.861208416867,17,5
U104164,app,445,established,established,small,3131.7045419228034,21,1
U104165,ussd,417,established,established,medium,19458.350839832267,12,3
U104166,ussd,742,established,established,medium,9276.189083034647,10,3
U104167,ussd,74,established,1-3mo,medium,7381.585901374267,19,2
U104168,ussd,511,established,established,medium,13630.416129822022,19,2
U104169,app,611,established,established,medium,9525.828804696815,21,3
U104170,app,255,established,established,medium,6503.359877917518,14,2
U104171,ussd,393,established,established,medium,13321.419078224686,10,3
U104172,app,188,established,established,medium,9650.728623499923,21,3
U104173,app,129,established,established,small,2795.799926335656,21,4
U104174,ussd,155,established,established,medium,8106.0741790360935,21,2
U104175,ussd,383,established,established,medium,9997.348160452848,14,5
U104176,ussd,4,cold_start,new,small,4683.856674242185,21,2
U104177,app,13,cold_start,new,small,4514.758797443517,21,3
U104178,app,185,established,established,small,3717.944798327611,19,3
U104179,app,414,established,established,small,3800.164813295975,21,6
U104180,ussd,139,established,established,small,1700.384670573789,12,5
U104181,app,163,established,established,small,1128.5966104362626,14,3
U104182,app,165,established,established,small,2636.4712898936746,17,1
U104183,app,229,established,established,small,4195.909167647803,12,8
U104184,ussd,297,established,established,medium,6662.733887816891,10,3
U104185,ussd,112,established,established,medium,9500.004095341797,10,6
U104186,app,205,established,established,small,4152.774740544222,12,3
U104187,app,281,established,established,large,44326.36392706794,21,4
U104188,app,827,established,established,small,3953.62752192433,14,6
U104189,app,272,established,established,medium,16674.439803226847,17,5
U104190,ussd,713,established,established,medium,7707.777160658019,17,3
U104191,app,808,established,established,medium,7473.037933229986,9,4
U104192,ussd,783,established,established,medium,10168.331356226981,12,3
U104193,ussd,483,established,established,medium,27854.163011440836,12,3
U104194,ussd,732,established,established,small,3306.6690144346185,10,1
U104195,ussd,356,established,established,medium,6203.162901594128,19,2
U104196,app,836,established,established,medium,7158.307687434733,19,1
U104197,app,211,established,established,medium,14209.065241658413,9,2
U104198,app,785,established,established,medium,7023.204970190234,10,3
U104199,ussd,302,established,established,medium,18339.342644692282,12,4
U104200,app,879,established,established,small,1195.6002771068022,12,4
U104201,app,742,established,established,small,1507.565206766031,14,2
U104202,app,122,established,established,small,1075.519610589124,14,3
U104203,app,437,established,established,small,3759.0547482314,14,4
U104204,ussd,416,established,established,small,4108.339016386823,17,2
U104205,ussd,269,established,established,medium,7342.450165300804,21,2
U104206,ussd,679,established,established,medium,19663.89109593653,19,2
U104207,ussd,609,established,established,medium,10807.326656856272,9,2
U104208,app,699,established,established,medium,9484.660142386856,12,3
U104209,app,598,established,established,medium,18684.549392951456,10,2
U104210,app,357,established,established,medium,17740.94719786457,9,2
U104211,ussd,714,established,established,medium,14058.64941901292,10,5
U104212,ussd,665,established,established,small,1001.5443221152449,12,2
U104213,app,89,established,1-3mo,small,3988.434251436247,14,2
U104214,ussd,105,established,established,small,2771.4347551030687,12,3
U104215,app,176,established,established,small,3196.280301555358,19,3
U104216,app,550,established,established,medium,6209.611243917692,12,2
U104217,ussd,3,cold_start,new,small,2235.658329161755,14,4
U104218,ussd,383,established,established,medium,24201.713726397997,10,3
U104219,ussd,423,established,established,small,3445.5931417548063,21,3
U104220,ussd,283,established,established,medium,6882.801947630387,10,3
U104221,app,719,established,established,small,1358.6464850227078,14,2
U104222,ussd,222,established,established,small,4282.253686047298,19,3
U104223,ussd,688,established,established,medium,16969.77037184005,12,3
U104224,ussd,595,established,established,small,3551.68306612058,9,3
U104225,app,460,established,established,medium,14149.814018206524,10,2
U104226,ussd,862,established,established,small,3079.8865356172914,10,3
U104227,app,523,established,established,medium,18269.32620175363,17,2
U104228,app,63,established,1-3mo,medium,26685.25811798162,12,6
U104229,ussd,767,established,established,medium,15330.185415781318,9,3
U104230,ussd,85,established,1-3mo,small,1564.4427944087531,14,2
U104231,ussd,156,established,established,medium,5042.1552582,12,2
U104232,ussd,149,established,established,small,1768.266692530066,10,3
U104233,app,590,established,established,small,1223.6176065278646,9,3
U104234,ussd,471,established,established,small,2874.89215456733,17,6
U104235,app,281,established,established,medium,5712.513820609197,14,2
U104236,ussd,102,established,established,medium,9436.355933802843,17,2
U104237,app,256,established,established,medium,28830.064535810583,10,7
U104238,ussd,241,established,established,medium,5376.337618610495,9,2
U104239,ussd,342,established,established,medium,27461.72975716361,14,2
U104240,ussd,457,established,established,medium,5301.490663376462,19,1
U104241,app,10,cold_start,new,small,1699.642922071564,19,4
U104242,app,271,established,established,small,1406.867764850969,9,2
U104243,app,311,established,established,medium,8351.746235335537,10,3
U104244,app,838,established,established,medium,8125.2181136417785,12,3
U104245,ussd,778,established,established,medium,7184.5806677906885,19,2
U104246,app,146,established,established,small,1506.8683890310112,21,2
U104247,ussd,624,established,established,medium,7722.844374565974,19,5
U104248,app,669,established,established,medium,12945.749778789184,12,4
U104249,app,195,established,established,small,2802.584035560676,9,5
U104250,ussd,615,established,established,small,516.98987245011,9,3
U104251,app,632,established,established,medium,17013.358378231733,19,5
U104252,app,262,established,established,medium,16117.693212953163,10,5
U104253,app,283,established,established,small,776.9145430557643,10,6
U104254,app,794,established,established,medium,8535.59081716089,21,4
U104255,ussd,546,established,established,small,4278.433667589615,9,11
U104256,app,774,established,established,medium,5677.6191024299205,14,3
U104257,app,252,established,established,medium,7136.85247820747,21,4
U104258,ussd,122,established,established,small,3010.429831518148,19,6
U104259,ussd,428,established,established,medium,11329.17532753466,9,2
U104260,ussd,8,cold_start,new,small,3128.479968646603,12,2
U104261,app,655,established,established,small,2327.3929659316536,9,5
U104262,ussd,847,established,established,small,2168.660581882964,9,8
U104263,app,818,established,established,small,2083.48499821559,12,1
U104264,app,213,established,established,small,2159.019710628374,14,4
U104265,ussd,12,cold_start,new,medium,6780.9579537117415,9,1
U104266,ussd,715,established,established,small,2996.063139838335,19,4
U104267,ussd,203,established,established,medium,9322.684832714362,17,5
U104268,ussd,881,established,established,medium,15945.963383251901,19,3
U104269,app,198,established,established,medium,5417.381074890327,10,2
U104270,ussd,253,established,established,small,4795.569923832961,19,3
U104271,ussd,688,established,established,medium,9620.762559145904,17,5
U104272,app,393,established,established,small,3423.139219628459,9,5
U104273,app,534,established,established,small,1491.9426885142518,17,5
U104274,app,468,established,established,medium,9783.333857456782,9,5
U104275,ussd,612,established,established,medium,6912.426204890196,17,4
U104276,app,267,established,established,small,2088.0096709844274,12,5
U104277,app,259,established,established,medium,6294.0789519329555,10,3
U104278,ussd,512,established,established,medium,11608.333648047652,12,2
U104279,ussd,868,established,established,small,1844.7861099803654,17,9
U104280,app,368,established,established,small,2977.262345422732,17,4
U104281,ussd,748,established,established,medium,8446.267534091101,9,1
U104282,ussd,455,established,established,small,2179.41848076535,19,12
U104283,ussd,154,established,established,small,4340.850271973875,12,3
U104284,app,687,established,established,small,3084.4946261816594,10,2
U104285,app,591,established,established,medium,7236.231650069054,14,2
U104286,ussd,322,established,established,small,1639.6200405086715,17,2
U104287,app,348,established,established,small,3133.4388944457273,12,2
U104288,ussd,442,established,established,small,1428.5085968527592,17,5
U104289,app,75,established,1-3mo,small,4319.237635409826,9,9
U104290,ussd,751,established,established,small,3479.1850910398207,12,1
U104291,ussd,509,established,established,small,2279.845422659928,10,3
U104292,ussd,846,established,established,small,3054.5317549852994,17,1
U104293,ussd,434,established,established,small,764.77193351003,14,2
U104294,ussd,837,established,established,medium,7133.290591718204,17,8
U104295,app,200,established,established,medium,17804.8918059962,14,1
U104296,app,193,established,established,medium,8907.778278927402,14,2
U104297,ussd,404,established,established,medium,9467.628405872072,17,4
U104298,ussd,815,established,established,small,2347.2862397513754,19,4
U104299,ussd,721,established,established,medium,15285.480091521255,10,2
U104300,ussd,100,established,established,small,2391.1784205473573,10,1
U104301,app,220,established,established,small,3397.198174983552,17,3
U104302,ussd,279,established,established,small,1789.701080137727,12,4
U104303,ussd,10,cold_start,new,small,4022.8377749918523,9,5
U104304,ussd,637,established,established,small,2242.720273083345,10,2
U104305,ussd,255,established,established,medium,11168.259269477738,10,13
U104306,ussd,207,established,established,medium,5796.011035268533,12,2
U104307,ussd,162,established,established,small,1831.458630589758,17,1
U104308,app,527,established,established,medium,8990.41870124119,17,2
U104309,ussd,351,established,established,small,2911.219390637988,21,4
U104310,app,617,established,established,medium,8563.230252848403,9,3
U104311,app,520,established,established,small,4353.368378764866,14,5
U104312,app,324,established,established,medium,7398.650678806942,9,4
U104313,app,101,established,established,medium,27493.87877105578,17,2
U104314,app,643,established,established,small,3001.060948609285,14,3
U104315,ussd,322,established,established,medium,7817.785750167605,21,3
U104316,ussd,238,established,established,small,2355.6542063782026,9,3
U104317,ussd,838,established,established,small,2008.731132898745,14,4
U104318,app,500,established,established,medium,6022.547460560629,14,4
U104319,app,614,established,established,small,3058.526790866643,14,3
U104320,ussd,341,established,established,medium,5812.917636024029,14,3
U104321,ussd,280,established,established,small,1496.1964738643326,19,3
U104322,ussd,727,established,established,small,1804.697661416374,9,1
U104323,ussd,211,established,established,small,1946.6814935200325,10,2
U104324,ussd,881,established,established,medium,5570.109245091146,19,5
U104325,ussd,334,established,established,small,4934.176137235827,12,3
U104326,ussd,393,established,established,medium,10226.947140240176,12,6
U104327,ussd,510,established,established,medium,8510.538557965512,17,1
U104328,ussd,705,established,established,small,4480.650151507279,17,7
U104329,app,545,established,established,small,3473.739325462665,21,2
U104330,app,306,established,established,medium,6183.683054464126,21,3
U104331,app,798,established,established,small,2739.7843069342225,12,2
U104332,ussd,753,established,established,small,3202.3736071014723,9,3
U104333,ussd,130,established,established,small,1861.8477539806597,10,1
U104334,app,704,established,established,small,3921.9030613208038,10,2
U104335,ussd,801,established,established,small,1186.076202008076,19,3
U104336,app,274,established,established,medium,10449.417466934086,17,1
U104337,app,651,established,established,small,3133.3073566086605,10,8
U104338,ussd,855,established,established,small,1146.008862916692,9,4
U104339,app,117,established,established,medium,8578.03245958448,14,2
U104340,app,381,established,established,large,30558.501211294664,14,5
U104341,app,623,established,established,small,578.2857931016998,21,5
U104342,app,848,established,established,small,1068.764159061692,19,3
U104343,ussd,9,cold_start,new,small,3568.8999494856944,12,5
U104344,ussd,107,established,established,small,2761.1622481769805,12,7
U104345,ussd,501,established,established,small,693.8640761312855,21,5
U104346,ussd,689,established,established,medium,5877.771046525688,9,4
U104347,app,849,established,established,small,2347.007726187815,17,4
U104348,ussd,782,established,established,medium,11403.577415302436,17,1
U104349,app,785,established,established,small,913.2774633373516,12,5
U104350,app,126,established,established,small,1743.327863373111,9,3
U104351,ussd,885,established,established,medium,18932.30216949804,21,4
U104352,app,410,established,established,small,4771.270912932406,17,4
U104353,app,90,established,established,medium,14245.081877824328,12,4
U104354,app,299,established,established,medium,5262.95330299301,17,5
U104355,ussd,4,cold_start,new,medium,8716.635770078345,21,4
U104356,app,714,established,established,medium,8155.4798515085095,14,4
U104357,app,97,established,established,small,1305.6432590909328,17,7
U104358,ussd,537,established,established,small,1173.0074193542107,10,5
U104359,app,562,established,established,medium,7563.561057911534,17,7
U104360,ussd,824,established,established,medium,5864.559724813516,12,4
U104361,app,727,established,established,medium,22906.7288720478,21,3
U104362,ussd,611,established,established,small,2849.232404277837,12,2
U104363,ussd,7,cold_start,new,small,3187.174994456627,10,2
U104364,ussd,763,established,established,small,3430.9533568079146,10,5
U104365,ussd,1,cold_start,new,medium,20561.058832858856,19,7
U104366,app,631,established,established,medium,8133.371962253526,19,1
U104367,ussd,166,established,established,small,4744.251233207343,9,2
U104368,ussd,544,established,established,medium,8479.501302796167,10,4
U104369,ussd,840,established,established,medium,9991.692613403677,12,3
U104370,ussd,164,established,established,medium,5478.306077435883,10,3
U104371,ussd,318,established,established,medium,6336.050841109114,17,1
U104372,ussd,100,established,established,medium,6061.291152412632,19,4
U104373,app,492,established,established,small,4574.946435497817,17,4
U104374,ussd,175,established,established,small,1531.1897078356296,21,2
U104375,ussd,875,established,established,small,1128.3008737113253,12,2
U104376,ussd,62,established,1-3mo,small,2209.4119566481395,9,6
U104377,app,63,established,1-3mo,small,2791.4963083485036,14,3
U104378,ussd,814,established,established,small,4436.3874933717525,14,3
U104379,ussd,272,established,established,small,1112.7869071901466,9,4
U104380,ussd,11,cold_start,new,medium,16532.265140397776,17,7
U104381,app,393,established,established,small,4320.692220806741,9,2
U104382,app,884,established,established,medium,5747.87932261478,19,6
U104383,app,640,established,established,medium,5539.21751423103,9,2
U104384,app,571,established,established,small,4424.669736315772,14,1
U104385,ussd,745,established,established,small,2426.86148221597,9,3
U104386,app,620,established,established,medium,9837.575086953595,14,5
U104387,ussd,787,established,established,small,3905.563521166187,10,4
U104388,app,266,established,established,medium,10041.682211445139,9,5
U104389,app,586,established,established,medium,13465.63396889226,10,2
U104390,ussd,1,cold_start,new,medium,19526.655572596614,9,2
U104391,app,400,established,established,medium,10684.914460311504,12,5
U104392,app,679,established,established,medium,13564.704842744251,19,2
U104393,app,430,established,established,small,3544.2776526825205,12,7
U104394,ussd,831,established,established,medium,6113.164809890023,14,2
U104395,ussd,101,established,established,medium,16456.57207798437,21,2
U104396,app,182,established,established,medium,23831.014408550258,9,1
U104397,ussd,433,established,established,small,781.4354624260717,21,3
U104398,app,4,cold_start,new,small,2427.6053055656207,17,2
U104399,ussd,835,established,established,medium,5152.967030804886,10,4
U104400,app,263,established,established,small,1178.5649644100467,12,3
U104401,ussd,882,established,established,small,3883.9675978189093,19,4
U104402,ussd,501,established,established,medium,8170.518053208918,19,2
U104403,app,769,established,established,small,3162.942764479935,14,4
U104404,app,141,established,established,small,2336.0384833168246,19,10
U104405,app,309,established,established,small,3643.215647972918,17,3
U104406,app,177,established,established,medium,8233.62142265987,21,9
U104407,app,895,established,established,small,2344.594723708035,10,5
U104408,app,854,established,established,small,3047.5943234141473,19,2
U104409,ussd,255,established,established,small,3543.546600476098,17,7
U104410,app,799,established,established,medium,10614.92034906743,9,1
U104411,ussd,706,established,established,medium,5756.259364803281,19,4
U104412,app,202,established,established,small,2685.9084750083366,10,3
U104413,ussd,823,established,established,medium,17241.343151961824,14,5
U104414,app,485,established,established,medium,9619.202305450726,14,3
U104415,ussd,234,established,established,medium,5133.324242130362,12,5
U104416,app,476,established,established,small,3051.170297484522,14,5
U104417,app,440,established,established,small,2168.7833758055676,21,2
U104418,ussd,570,established,established,medium,14786.013082052186,19,3
U104419,ussd,414,established,established,medium,5779.865416356689,10,4
U104420,ussd,121,established,established,medium,7456.503032701582,10,2
U104421,app,614,established,established,medium,16315.44773403753,14,4
U104422,app,588,established,established,small,4475.617155300026,19,6
U104423,ussd,539,established,established,small,1761.4001106482174,17,7
U104424,ussd,3,cold_start,new,small,4941.090851727892,12,5
U104425,ussd,288,established,established,small,979.4883179264767,14,2
U104426,app,677,established,established,medium,10018.598798446888,21,4
U104427,app,364,established,established,small,3523.398151090671,14,3
U104428,ussd,240,established,established,medium,28826.95196483735,21,1
U104429,ussd,352,established,established,small,2467.36269706947,17,4
U104430,app,842,established,established,medium,11017.336930790221,12,1
U104431,ussd,671,established,established,small,1038.2451523821771,19,2
U104432,ussd,652,established,established,small,4152.027914273772,19,5
U104433,app,137,established,established,medium,29548.798380631608,14,6
U104434,app,12,cold_start,new,medium,5061.755850239475,17,4
U104435,ussd,4,cold_start,new,medium,9173.602067235628,9,3
U104436,app,638,established,established,small,3844.0202423755854,12,1
U104437,ussd,271,established,established,medium,10888.50313500312,12,5
U104438,ussd,742,established,established,medium,6234.741107255772,9,5
U104439,app,286,established,established,medium,12314.47423636845,10,3
U104440,ussd,524,established,established,medium,8481.292130874921,21,3
U104441,app,3,cold_start,new,small,2029.0755484547365,9,9
U104442,app,893,established,established,small,1589.3620539716824,14,4
U104443,ussd,829,established,established,small,2339.6378860346827,14,2
U104444,ussd,122,established,established,medium,10119.177113728621,12,3
U104445,app,878,established,established,medium,6206.207766723187,17,2
U104446,ussd,323,established,established,small,1025.227833950827,12,3
U104447,ussd,370,established,established,medium,5565.84938641917,9,6
U104448,ussd,106,established,established,medium,8246.980730628877,19,3
U104449,ussd,388,established,established,small,3135.3934807368337,14,3
U104450,app,385,established,established,small,4356.293150972206,9,4
U104451,app,329,established,established,large,35572.03453815751,10,3
U104452,ussd,547,established,established,small,1225.7080264159324,14,5
U104453,app,186,established,established,small,3359.06038133486,12,3
U104454,ussd,699,established,established,small,4777.146354964792,21,2
U104455,app,4,cold_start,new,medium,24675.690629826862,10,3
U104456,app,74,established,1-3mo,medium,6954.934856563567,17,2
U104457,app,732,established,established,medium,6973.790322515612,9,5
U104458,app,329,established,established,medium,6751.94895021267,19,2
U104459,app,732,established,established,medium,25455.90453992689,21,5
U104460,ussd,562,established,established,small,657.8015647516708,10,3
U104461,ussd,232,established,established,medium,13650.545009953526,12,5
U104462,app,714,established,established,small,3834.5122049199335,12,1
U104463,app,145,established,established,small,1657.9705789796628,12,4
U104464,ussd,91,established,established,small,4529.948535092188,12,1
U104465,app,622,established,established,small,3765.0011521458086,9,6
U104466,ussd,873,established,established,medium,7589.345495960936,21,2
U104467,ussd,216,established,established,small,2842.696173586021,21,8
U104468,ussd,13,cold_start,new,medium,5844.9960339951385,14,3
U104469,ussd,606,established,established,medium,8725.953749743368,19,2
U104470,ussd,758,established,established,large,62066.383643624446,17,7
U104471,ussd,816,established,established,medium,5020.843911151155,9,5
U104472,ussd,199,established,established,medium,7484.221297576188,19,2
U104473,app,105,established,established,medium,9724.954693223737,17,2
U104474,app,3,cold_start,new,medium,11064.806515120474,14,4
U104475,app,231,established,established,small,2239.4317820497504,10,2
U104476,app,192,established,established,small,2073.2496768601864,21,5
U104477,ussd,4,cold_start,new,small,1186.5311805466658,14,3
U104478,app,142,established,established,small,816.0081785322617,17,7
U104479,app,80,established,1-3mo,small,4578.191541173634,21,5
U104480,app,243,established,established,small,1932.9670998865413,21,2
U104481,ussd,791,established,established,small,2379.5943880237023,21,4
U104482,ussd,898,established,established,small,4422.11985103668,12,2
U104483,ussd,94,established,established,small,500.0,14,3
U104484,app,795,established,established,medium,5752.6851689411915,12,2
U104485,app,1,cold_start,new,small,1015.2206371566222,14,2
U104486,ussd,852,established,established,small,1253.081908274522,17,2
U104487,ussd,462,established,established,medium,7327.79788998465,12,3
U104488,ussd,831,established,established,small,2202.524673210795,10,1
U104489,ussd,644,established,established,small,3696.4677959639785,14,5
U104490,app,534,established,established,medium,8367.25620041927,21,3
U104491,ussd,361,established,established,medium,18246.551461109302,21,5
U104492,ussd,817,established,established,medium,22483.66251205091,17,3
U104493,ussd,844,established,established,small,500.0,14,2
U104494,ussd,819,established,established,medium,6037.045153818221,9,4
U104495,app,867,established,established,medium,15415.133587189299,9,3
U104496,app,79,established,1-3mo,medium,5343.5530939268065,17,4
U104497,ussd,5,cold_start,new,medium,9211.393550401901,21,4
U104498,ussd,634,established,established,small,3966.747287561261,14,4
U104499,app,519,established,established,medium,25265.10907805908,10,4
U104500,app,453,established,established,small,2201.2236791672,19,1
U104501,ussd,811,established,established,small,1107.6902222678689,21,3
U104502,app,779,established,established,medium,5491.7248353732275,12,3
U104503,app,151,established,established,medium,7694.743612393695,12,3
U104504,ussd,583,established,established,medium,9331.158738734306,10,2
U104505,ussd,5,cold_start,new,small,3902.741897508649,9,10
U104506,ussd,681,established,established,medium,11836.013787622194,9,4
U104507,ussd,759,established,established,small,4698.478362039433,21,3
U104508,app,574,established,established,small,3051.2005228989765,12,3
U104509,ussd,885,established,established,small,657.1355702820762,12,6
U104510,ussd,592,established,established,small,4990.160019441941,10,2
U104511,ussd,512,established,established,small,3239.798069131573,19,5
U104512,ussd,729,established,established,small,1670.9371318409871,12,2
U104513,app,686,established,established,small,2375.6080873901356,17,4
U104514,app,65,established,1-3mo,medium,6177.131702935457,9,9
U104515,app,283,established,established,medium,8624.713446077372,19,3
U104516,app,532,established,established,small,1738.0657225293676,10,4
U104517,ussd,583,established,established,small,4680.036011058129,21,4
U104518,app,433,established,established,small,3967.6915537451255,21,4
U104519,ussd,891,established,established,medium,5083.324961156506,19,3
U104520,app,592,established,established,medium,8887.767394471257,14,2
U104521,app,773,established,established,small,2101.5872438582114,12,1
U104522,app,758,established,established,medium,12023.591682484344,12,2
U104523,app,791,established,established,small,1755.112000502164,12,11
U104524,ussd,624,established,established,small,951.2799694161802,9,1
U104525,ussd,252,established,established,small,1292.704535117407,10,1
U104526,app,148,established,established,medium,8831.628053482931,10,4
U104527,ussd,421,established,established,medium,8213.325896580316,10,3
U104528,ussd,768,established,established,small,1555.6442609689561,12,2
U104529,ussd,748,established,established,medium,5562.1638419121955,12,6
U104530,app,364,established,established,medium,19440.102570789062,14,3
U104531,app,103,established,established,small,3774.574429171089,9,3
U104532,ussd,872,established,established,medium,6432.3467848500895,10,4
U104533,ussd,286,established,established,small,939.0384797858677,17,1
U104534,app,10,cold_start,new,medium,10610.615858490124,21,2
U104535,ussd,7,cold_start,new,medium,5741.274270644009,19,3
U104536,app,698,established,established,small,2771.8514240077984,19,4
U104537,ussd,216,established,established,small,4204.634190907021,10,3
U104538,app,150,established,established,medium,5296.364034049781,17,3
U104539,ussd,396,established,established,small,4731.532280681393,14,2
U104540,app,654,established,established,small,508.7231896892659,10,2
U104541,app,100,established,established,medium,5555.084314545504,9,1
U104542,ussd,711,established,established,small,2557.030309055705,17,3
U104543,app,6,cold_start,new,medium,5479.750353635045,14,3
U104544,ussd,414,established,established,medium,9205.607861412263,19,10
U104545,ussd,142,established,established,medium,15468.513979493602,9,2
U104546,app,428,established,established,medium,6874.162331396895,17,2
U104547,app,348,established,established,small,2219.1714261927314,9,5
U104548,ussd,245,established,established,medium,8165.983272343191,12,4
U104549,ussd,320,established,established,small,1761.4099134957562,21,1
U104550,ussd,392,established,established,small,3178.8181968431973,9,3
U104551,app,763,established,established,small,1414.6555965709372,21,3
U104552,ussd,7,cold_start,new,medium,6305.788429219341,21,2
U104553,ussd,127,established,established,medium,11794.820358099592,17,2
U104554,ussd,131,established,established,small,1422.5789103466866,10,4
U104555,app,567,established,established,medium,5318.089123684068,21,3
U104556,app,125,established,established,medium,6463.880429366533,19,4
U104557,ussd,551,established,established,medium,9547.033029059166,10,3
U104558,ussd,474,established,established,medium,5205.016898870062,19,1
U104559,app,161,established,established,small,1243.5504409150315,17,4
U104560,ussd,441,established,established,small,2926.4711107490225,12,2
U104561,app,533,established,established,small,4970.856642449763,9,4
U104562,app,792,established,established,small,1622.322790923622,12,3
U104563,app,818,established,established,medium,5110.5593224243285,12,1
U104564,app,870,established,established,small,3422.212088008574,19,2
U104565,app,660,established,established,medium,7907.747646187534,17,3
U104566,app,387,established,established,medium,8006.206158673351,14,6
U104567,app,842,established,established,medium,12764.220811575191,19,1
U104568,ussd,166,established,established,small,4951.540463097847,14,6
U104569,ussd,12,cold_start,new,small,2204.2844518000234,12,8
U104570,ussd,836,established,established,medium,6799.303902763506,19,4
U104571,app,155,established,established,small,4029.070356518931,21,5
U104572,ussd,602,established,established,small,4124.282383761215,17,5
U104573,app,243,established,established,small,1557.2068607771453,14,6
U104574,ussd,612,established,established,small,2978.7270034566714,12,2
U104575,ussd,713,established,established,medium,15430.59294501316,12,2
U104576,app,378,established,established,small,1512.2915926066862,14,3
U104577,app,425,established,established,medium,8325.40045628984,9,1
U104578,ussd,235,established,established,medium,12729.65948885627,17,5
U104579,ussd,2,cold_start,new,small,2302.9420639455398,12,3
U104580,ussd,505,established,established,medium,7640.515800926633,14,2
U104581,ussd,243,established,established,medium,13107.390179766804,9,4
U104582,ussd,547,established,established,medium,12295.491642971114,19,5
U104583,app,390,established,established,small,3526.88981740457,12,7
U104584,ussd,681,established,established,medium,5316.036081357593,9,3
U104585,app,854,established,established,small,3272.3916017903657,9,5
U104586,app,804,established,established,medium,9289.22340837936,12,5
U104587,app,747,established,established,medium,8641.253258744646,19,2
U104588,ussd,293,established,established,small,3467.757982516907,17,4
U104589,ussd,7,cold_start,new,medium,12933.443087059299,21,3
U104590,app,616,established,established,medium,5992.798434330908,19,1
U104591,app,10,cold_start,new,small,500.0,12,5
U104592,app,625,established,established,small,2748.199734986233,10,7
U104593,ussd,551,established,established,medium,9754.93348853443,14,5
U104594,ussd,651,established,established,medium,19395.166951154002,17,2
U104595,app,773,established,established,medium,7336.785999625739,21,1
U104596,app,584,established,established,small,1164.3847711557937,9,3
U104597,ussd,1,cold_start,new,small,556.5398035341798,19,1
U104598,app,204,established,established,small,3204.9869735372617,19,8
U104599,ussd,365,established,established,small,3250.2848777112513,17,2
U104600,app,391,established,established,medium,7820.472184498177,10,3
U104601,app,851,established,established,small,4481.447077241125,17,2
U104602,app,613,established,established,medium,8411.534021947677,10,4
U104603,ussd,5,cold_start,new,small,2430.0040496645843,21,3
U104604,app,11,cold_start,new,medium,6037.932520173355,10,5
U104605,app,636,established,established,medium,28104.3425154991,14,2
U104606,ussd,571,established,established,small,1641.9352996588902,14,2
U104607,ussd,808,established,established,small,4316.941233850626,9,4
U104608,app,883,established,established,medium,17206.494194236446,14,6
U104609,app,719,established,established,small,2642.7868841965783,9,6
U104610,ussd,765,established,established,small,3232.919964793054,21,4
U104611,app,117,established,established,medium,10235.999772339295,19,3
U104612,ussd,617,established,established,small,2602.6536112600725,19,5
U104613,app,823,established,established,small,3582.6117185016083,21,4
U104614,app,209,established,established,small,4210.5892813791,21,2
U104615,app,13,cold_start,new,medium,6280.887873930908,21,8
U104616,ussd,106,established,established,medium,11053.543426500133,12,1
U104617,app,697,established,established,small,3027.581909409906,9,2
U104618,app,289,established,established,small,4680.34718384039,19,5
U104619,app,326,established,established,small,4963.4759089457975,12,4
U104620,ussd,899,established,established,medium,5910.724656979991,21,6
U104621,app,828,established,established,medium,20129.782160364917,12,2
U104622,ussd,272,established,established,medium,5513.2957276547495,12,4
U104623,ussd,747,established,established,small,2977.254528347779,12,3
U104624,app,606,established,established,medium,6164.643786998206,17,3
U104625,ussd,340,established,established,medium,8863.969200387044,9,2
U104626,ussd,4,cold_start,new,small,1982.688443099738,9,3
U104627,app,117,established,established,small,2052.6483668587716,21,1
U104628,app,769,established,established,medium,7567.9171997370995,9,3
U104629,app,831,established,established,small,1538.0457858411253,12,1
U104630,app,868,established,established,small,3188.1504442311043,14,4
U104631,ussd,10,cold_start,new,small,4081.622749077648,12,5
U104632,ussd,474,established,established,small,1867.9600428763997,12,9
U104633,ussd,251,established,established,large,32350.064567266745,17,3
U104634,app,12,cold_start,new,small,3686.595772790906,21,2
U104635,app,111,established,established,medium,5281.961960110887,14,5
U104636,app,1,cold_start,new,medium,16262.674952511503,14,3
U104637,ussd,371,established,established,small,769.0433951843689,14,3
U104638,app,422,established,established,small,967.3503589684897,14,4
U104639,ussd,827,established,established,small,3069.768006331369,14,4
U104640,ussd,673,established,established,medium,6251.4729782001605,9,3
U104641,app,732,established,established,small,3013.3444876785716,12,6
U104642,ussd,577,established,established,small,4584.149198717716,19,4
U104643,ussd,661,established,established,small,3056.4828950925835,10,2
U104644,ussd,391,established,established,medium,7783.83014288459,19,4
U104645,app,547,established,established,small,1311.1668493229379,21,2
U104646,app,465,established,established,medium,6204.587704008425,9,3
U104647,ussd,345,established,established,large,33706.78666115908,12,2
U104648,app,850,established,established,small,2833.788422464113,12,2
U104649,ussd,77,established,1-3mo,small,4791.659044008225,14,1
U104650,app,61,established,1-3mo,medium,5586.876456916257,17,2
U104651,ussd,383,established,established,medium,8510.286401593332,21,3
U104652,ussd,92,established,established,small,2718.137022082326,17,4
U104653,app,268,established,established,medium,9996.506592941567,12,6
U104654,app,739,established,established,small,4080.1288461910544,17,2
U104655,ussd,742,established,established,small,1045.777046076192,14,2
U104656,app,218,established,established,medium,11277.55235243748,10,3
U104657,ussd,502,established,established,small,2651.619764976137,14,2
U104658,ussd,453,established,established,medium,8354.521475315121,12,4
U104659,app,559,established,established,small,2817.27262087207,12,6
U104660,ussd,845,established,established,small,4845.295819625777,21,5
U104661,ussd,350,established,established,small,4425.85625014569,17,3
U104662,ussd,689,established,established,small,1728.7553207994508,21,1
U104663,app,490,established,established,small,3581.220808192407,17,6
U104664,app,898,established,established,medium,29023.802768552774,10,2
U104665,app,214,established,established,small,3094.8557870938207,12,3
U104666,ussd,369,established,established,small,3417.6190900064203,12,2
U104667,ussd,129,established,established,medium,8671.047935721346,10,2
U104668,ussd,351,established,established,small,1715.420761064549,21,4
U104669,app,8,cold_start,new,small,3894.912852414255,17,10
U104670,ussd,769,established,established,medium,12826.29832108387,19,3
U104671,ussd,9,cold_start,new,small,1820.8336132321183,14,3
U104672,ussd,834,established,established,small,3305.8377495413447,9,2
U104673,app,518,established,established,medium,6902.741818521528,21,1
U104674,ussd,471,established,established,medium,9645.23074714774,12,10
U104675,app,628,established,established,small,2630.633926485339,14,5
U104676,app,697,established,established,medium,6385.748273108331,12,4
U104677,ussd,389,established,established,small,2505.4903918421987,12,5
U104678,app,686,established,established,small,2796.8213365223287,21,3
U104679,app,5,cold_start,new,small,4523.910871739872,12,5
U104680,ussd,542,established,established,small,500.0,21,6
U104681,ussd,763,established,established,medium,7675.848073782239,12,1
U104682,app,488,established,established,small,4685.753544339864,10,4
U104683,ussd,431,established,established,medium,9806.04607952897,17,5
U104684,app,459,established,established,small,4245.021080219325,14,4
U104685,app,579,established,established,small,1770.679753760256,10,2
U104686,app,860,established,established,small,2520.7935957928757,19,3
U104687,ussd,792,established,established,small,2187.173418328586,21,2
U104688,app,264,established,established,medium,5938.242966211244,10,2
U104689,app,676,established,established,medium,17966.074835833555,17,3
U104690,ussd,238,established,established,medium,10593.86358397786,14,4
U104691,ussd,766,established,established,small,3039.775406654569,19,2
U104692,ussd,417,established,established,medium,8586.472385654972,19,3
U104693,ussd,785,established,established,medium,11345.175126928747,19,2
U104694,app,10,cold_start,new,small,1720.3700187159209,12,3
U104695,app,316,established,established,small,1897.575626178827,14,5
U104696,app,248,established,established,medium,8057.806508260307,12,5
U104697,ussd,881,established,established,medium,6641.129903234366,10,2
U104698,app,324,established,established,small,2109.8905732933995,12,2
U104699,app,483,established,established,medium,7038.171585768553,12,2
U104700,app,422,established,established,small,2507.657048556897,12,2
U104701,app,349,established,established,large,47431.477307336005,10,2
U104702,ussd,586,established,established,medium,11382.211544991404,12,3
U104703,ussd,333,established,established,small,4711.1247849685,9,1
U104704,app,773,established,established,small,3693.847581910143,10,2
U104705,ussd,442,established,established,small,1933.2299565857356,9,3
U104706,ussd,359,established,established,medium,8643.215276131976,9,4
U104707,app,554,established,established,small,4824.885257801511,17,3
U104708,app,283,established,established,small,2110.03395066857,19,3
U104709,ussd,334,established,established,medium,16694.037792975247,17,3
U104710,app,209,established,established,medium,15764.153790490373,9,5
U104711,ussd,5,cold_start,new,small,3103.8994054651553,9,3
U104712,ussd,728,established,established,small,4663.254331846976,10,2
U104713,ussd,11,cold_start,new,small,4243.739448894648,21,1
U104714,ussd,288,established,established,medium,5036.84983860965,19,2
U104715,ussd,5,cold_start,new,medium,7149.30471678763,12,4
U104716,ussd,829,established,established,small,2682.9517836633954,10,7
U104717,app,837,established,established,small,4382.58144671967,9,2
U104718,ussd,153,established,established,small,3911.7027055443314,12,8
U104719,ussd,754,established,established,medium,26283.530182056165,10,5
U104720,ussd,384,established,established,small,2916.11479182317,12,5
U104721,ussd,757,established,established,medium,5278.1827709816,9,2
U104722,app,675,established,established,medium,5461.377417193522,10,5
U104723,ussd,131,established,established,small,4938.474816623949,10,2
U104724,ussd,403,established,established,medium,5362.871951931178,21,2
U104725,ussd,790,established,established,medium,11799.066936832287,21,4
U104726,ussd,750,established,established,medium,13710.113171035136,10,9
U104727,ussd,504,established,established,small,4258.890171000167,14,2
U104728,ussd,516,established,established,small,3401.707459603608,14,3
U104729,app,2,cold_start,new,medium,15466.328329592603,21,3
U104730,app,401,established,established,small,2811.1602015440794,14,8
U104731,ussd,627,established,established,medium,5433.324838863322,9,3
U104732,ussd,131,established,established,medium,17975.87839749408,12,6
U104733,ussd,623,established,established,large,32260.853580803538,19,3
U104734,app,891,established,established,small,1364.2312329696995,19,1
U104735,app,886,established,established,small,1842.7458086091196,17,7
U104736,app,511,established,established,medium,11702.914352967196,19,5
U104737,ussd,831,established,established,medium,10448.272302307112,10,10
U104738,ussd,13,cold_start,new,medium,19346.24128783902,14,3
U104739,ussd,378,established,established,small,1489.4895360576309,12,1
U104740,app,161,established,established,medium,15719.095577574228,14,3
U104741,ussd,455,established,established,small,3242.8237521952997,19,3
U104742,ussd,389,established,established,medium,6698.520972189051,14,3
U104743,app,406,established,established,medium,5815.01724560634,14,2
U104744,ussd,534,established,established,medium,13570.949592805473,10,2
U104745,ussd,702,established,established,small,3485.26695481793,10,3
U104746,app,206,established,established,medium,13116.959323770181,14,8
U104747,app,156,established,established,small,3808.4395877274674,14,8
U104748,ussd,503,established,established,small,3342.451401088057,21,8
U104749,ussd,104,established,established,small,2652.160975541477,19,5
U104750,ussd,863,established,established,medium,10098.085317892012,9,3
U104751,ussd,273,established,established,small,1043.6345938487973,14,1
U104752,app,620,established,established,medium,12380.45743613124,17,3
U104753,ussd,236,established,established,medium,7190.890924742916,14,3
U104754,ussd,553,established,established,small,1779.4699302451952,19,2
U104755,app,13,cold_start,new,small,2909.5023103218077,9,2
U104756,ussd,313,established,established,small,4417.1982796915045,10,9
U104757,app,559,established,established,small,2871.0151210433714,9,3
U104758,app,310,established,established,medium,5609.448597523292,14,4
U104759,app,530,established,established,small,3030.529690266289,21,1
U104760,ussd,364,established,established,small,4142.142609017628,19,2
U104761,app,7,cold_start,new,small,1822.9207188219339,12,6
U104762,app,109,established,established,small,3262.474024866996,17,2
U104763,ussd,301,established,established,small,1680.1070549396488,17,2
U104764,app,110,established,established,small,3016.615221787398,9,6
U104765,ussd,175,established,established,medium,5782.257557191552,9,4
U104766,ussd,119,established,established,small,2533.1705293305286,14,5
U104767,app,143,established,established,small,2278.495319136339,19,3
U104768,app,683,established,established,medium,10080.698302366838,12,2
U104769,ussd,315,established,established,medium,10749.64195321242,21,2
U104770,app,398,established,established,medium,5331.398104827964,12,2
U104771,app,851,established,established,medium,8631.01433026473,21,2
U104772,ussd,8,cold_start,new,medium,5901.409692740572,17,2
U104773,ussd,386,established,established,small,866.8959362962406,12,1
U104774,ussd,119,established,established,small,4633.166619247153,19,3
U104775,ussd,472,established,established,small,1577.4802473351547,9,4
U104776,ussd,327,established,established,small,500.0,19,1
U104777,ussd,874,established,established,medium,11586.1357353467,19,6
U104778,ussd,738,established,established,small,3680.608813273955,17,9
U104779,ussd,343,established,established,small,1348.7956250244406,17,4
U104780,ussd,600,established,established,small,1407.7760081948875,17,2
U104781,ussd,83,established,1-3mo,small,4238.393771539425,17,2
U104782,app,10,cold_start,new,medium,14398.753666438024,21,1
U104783,ussd,601,established,established,medium,6970.887219868277,19,3
U104784,ussd,418,established,established,medium,9195.406651140793,9,5
U104785,app,420,established,established,small,2692.6594336060234,19,2
U104786,app,503,established,established,small,1426.0574860458125,17,8
U104787,ussd,879,established,established,medium,10441.6677670886,14,2
U104788,app,464,established,established,small,4954.387433263457,14,2
U104789,app,475,established,established,medium,5093.075063513551,12,5
U104790,app,11,cold_start,new,small,2708.1607097918195,9,4
U104791,app,87,established,1-3mo,small,3581.0625819741667,12,1
U104792,ussd,840,established,established,small,2137.7376367766306,17,1
U104793,app,469,established,established,small,2420.800126957471,14,4
U104794,app,805,established,established,medium,5373.214237300947,19,2
U104795,ussd,207,established,established,small,1980.4975930865166,9,4
U104796,app,181,established,established,medium,8634.935936686985,9,3
U104797,app,11,cold_start,new,small,3662.6609429895543,9,8
U104798,ussd,627,established,established,medium,8850.191868083495,10,3
U104799,ussd,115,established,established,medium,12429.012251371385,21,1
U104800,ussd,533,established,established,medium,7806.539659387057,17,5
U104801,ussd,153,established,established,small,2293.3928478677385,9,4
U104802,ussd,392,established,established,medium,13066.98493621912,14,5
U104803,app,271,established,established,medium,5329.288160522223,21,7
U104804,ussd,383,established,established,small,1783.5835759677545,21,4
U104805,ussd,79,established,1-3mo,small,3758.699039399176,9,1
U104806,app,137,established,established,small,4988.986104747075,12,5
U104807,ussd,364,established,established,small,3808.7314092756733,19,3
U104808,app,433,established,established,medium,8081.82936770887,10,2
U104809,ussd,63,established,1-3mo,medium,10958.067051343349,21,13
U104810,ussd,729,established,established,small,950.109576959083,17,8
U104811,ussd,529,established,established,small,3927.8118259355983,12,3
U104812,app,323,established,established,small,1100.8527156841017,14,2
U104813,ussd,370,established,established,medium,6966.405764441851,14,2
U104814,ussd,399,established,established,medium,14292.138015609962,17,2
U104815,app,219,established,established,medium,18111.87021389129,12,2
U104816,app,443,established,established,small,3416.6819776292286,19,2
U104817,ussd,499,established,established,medium,16993.610051920754,12,2
U104818,app,879,established,established,small,2510.385722248115,10,1
U104819,ussd,371,established,established,small,1665.9849161010682,21,4
U104820,ussd,773,established,established,medium,25169.144565626877,17,3
U104821,app,13,cold_start,new,small,1832.2470538815396,19,2
U104822,ussd,564,established,established,medium,8008.075237888866,9,3
U104823,app,758,established,established,small,3349.9943656871906,17,5
U104824,ussd,571,established,established,small,4548.03090077609,21,3
U104825,ussd,183,established,established,small,4627.4314186636375,14,4
U104826,app,723,established,established,medium,14640.658146197313,17,2
U104827,ussd,470,established,established,medium,6528.211397095562,10,2
U104828,ussd,433,established,established,medium,9981.617733609395,19,1
U104829,ussd,766,established,established,small,2988.820509176968,19,2
U104830,app,201,established,established,medium,6636.022158019136,19,3
U104831,ussd,357,established,established,medium,9610.991011440066,14,4
U104832,ussd,666,established,established,medium,9051.95748586524,19,4
U104833,app,64,established,1-3mo,medium,9102.446296107646,21,1
U104834,ussd,487,established,established,small,4267.0558871476405,14,2
U104835,app,84,established,1-3mo,small,4916.878818085961,12,2
U104836,ussd,561,established,established,small,4121.944062098323,19,4
U104837,app,230,established,established,small,2029.6966500199371,21,3
U104838,ussd,414,established,established,small,4763.2986482316055,17,6
U104839,app,386,established,established,small,2415.3867652626273,9,8
U104840,app,690,established,established,medium,9737.893139082611,14,3
U104841,ussd,126,established,established,small,1820.431327002868,14,11
U104842,ussd,86,established,1-3mo,medium,5335.440395090747,10,2
U104843,ussd,486,established,established,small,3747.1458151013517,9,2
U104844,ussd,538,established,established,small,2058.5473276412317,10,3
U104845,app,214,established,established,medium,6674.984073899659,14,3
U104846,ussd,774,established,established,medium,17387.456991511754,14,5
U104847,app,347,established,established,medium,8535.098169332516,17,4
U104848,app,873,established,established,medium,6681.794639023192,17,3
U104849,ussd,898,established,established,medium,5282.763247908502,9,3
U104850,ussd,874,established,established,medium,5148.210814616582,10,5
U104851,app,887,established,established,medium,17195.133508027724,14,2
U104852,app,595,established,established,medium,7401.285479043684,10,2
U104853,ussd,106,established,established,small,3769.22479117449,9,2
U104854,app,794,established,established,medium,5411.950702989419,9,4
U104855,app,676,established,established,small,2200.6349767100423,12,3
U104856,app,549,established,established,small,2417.445480340448,19,3
U104857,app,803,established,established,small,4037.77754054859,19,4
U104858,app,449,established,established,small,1125.2671409922896,14,2
U104859,ussd,123,established,established,small,4065.3831383830993,10,5
U104860,app,11,cold_start,new,small,1088.1503606708986,14,6
U104861,ussd,127,established,established,medium,5358.870378213499,19,5
U104862,ussd,562,established,established,medium,8544.33953414955,12,1
U104863,ussd,867,established,established,small,888.4522567954485,9,4
U104864,ussd,443,established,established,small,1558.4216110691582,14,4
U104865,ussd,719,established,established,medium,6099.505852326184,19,2
U104866,ussd,322,established,established,medium,19428.56654616589,17,1
U104867,ussd,2,cold_start,new,small,2058.781315073838,14,2
U104868,ussd,533,established,established,small,1129.4781456946507,19,3
U104869,ussd,865,established,established,small,1532.9828775373653,10,1
U104870,ussd,535,established,established,medium,5089.548421937079,17,3
U104871,app,10,cold_start,new,small,1350.8863892290653,19,2
U104872,ussd,769,established,established,medium,8434.521133088778,10,2
U104873,ussd,128,established,established,medium,7824.696336292902,12,3
U104874,app,123,established,established,medium,5241.63720703373,12,4
U104875,ussd,683,established,established,small,891.3681198194624,9,1
U104876,app,12,cold_start,new,large,36375.96374925859,19,4
U104877,app,786,established,established,small,2559.869442471807,12,3
U104878,ussd,191,established,established,small,4390.963340450121,12,3
U104879,app,236,established,established,small,3327.6114066609257,9,2
U104880,app,373,established,established,medium,6513.843255811587,12,14
U104881,app,191,established,established,small,4771.146994191177,10,4
U104882,ussd,4,cold_start,new,small,4732.268768663234,10,2
U104883,app,648,established,established,medium,6871.6634680672605,10,4
U104884,ussd,461,established,established,small,2755.7087653690796,19,2
U104885,ussd,799,established,established,small,2695.4675513179814,14,12
U104886,ussd,406,established,established,medium,9238.04049219373,19,3
U104887,ussd,109,established,established,medium,7413.72292575176,10,5
U104888,ussd,217,established,established,small,3342.206940150703,21,7
U104889,app,460,established,established,medium,8878.995020654793,14,5
U104890,ussd,659,established,established,medium,19395.476775384093,19,3
U104891,ussd,754,established,established,medium,16158.727199482037,9,2
U104892,app,880,established,established,small,3242.8820439118113,19,6
U104893,app,404,established,established,medium,20949.690161337934,17,5
U104894,ussd,342,established,established,medium,6266.567575320992,14,2
U104895,app,205,established,established,medium,27270.540841428377,21,1
U104896,ussd,254,established,established,medium,5548.246706377803,10,3
U104897,app,628,established,established,small,1226.144607353209,21,3
U104898,ussd,243,established,established,medium,5067.849082183644,21,7
U104899,app,387,established,established,small,1018.080647890904,9,5
U104900,ussd,10,cold_start,new,small,1646.585156142915,12,3
U104901,app,161,established,established,medium,7500.0670430433,14,3
U104902,app,699,established,established,medium,5726.80060715939,19,2
U104903,app,526,established,established,medium,6859.277991434977,12,2
U104904,app,10,cold_start,new,small,2408.565389174788,10,3
U104905,ussd,367,established,established,small,3605.2386977854794,19,4
U104906,ussd,795,established,established,medium,8155.198630641783,14,3
U104907,app,659,established,established,medium,12651.556750925167,12,2
U104908,ussd,5,cold_start,new,small,3661.664002209215,12,3
U104909,app,573,established,established,small,3010.8646695469106,14,1
U104910,app,605,established,established,small,2904.9358915236157,10,4
U104911,ussd,734,established,established,small,3959.849341009328,10,1
U104912,ussd,563,established,established,small,929.2788971412813,10,4
U104913,ussd,801,established,established,medium,8687.091879989552,14,2
U104914,app,262,established,established,medium,20650.196533979873,19,2
U104915,app,174,established,established,small,3888.9645803556878,21,5
U104916,ussd,595,established,established,small,1776.926374318347,19,5
U104917,app,85,established,1-3mo,medium,7744.054024232648,14,5
U104918,app,623,established,established,small,2397.2698104179267,12,7
U104919,ussd,65,established,1-3mo,small,3877.579942178896,14,5
U104920,ussd,684,established,established,medium,9574.081746113789,9,3
U104921,app,330,established,established,small,4832.9766973337455,12,2
U104922,app,895,established,established,medium,8812.108681157155,14,2
U104923,ussd,767,established,established,medium,10636.482420209064,12,2
U104924,app,430,established,established,medium,10161.842777394471,12,3
U104925,app,835,established,established,medium,8176.661076139123,19,3
U104926,app,432,established,established,medium,17735.728064395254,14,2
U104927,ussd,259,established,established,medium,6099.502234198608,17,2
U104928,ussd,674,established,established,large,33852.64966759185,21,7
U104929,app,885,established,established,medium,6853.579300863089,14,3
U104930,app,299,established,established,small,4017.4370517229277,19,7
U104931,ussd,336,established,established,medium,13137.36112089238,19,6
U104932,ussd,144,established,established,small,3756.3959966811735,19,2
U104933,ussd,324,established,established,small,1165.6193974109938,9,3
U104934,app,154,established,established,medium,11229.709726236828,19,3
U104935,ussd,408,established,established,medium,11042.157122626757,21,7
U104936,ussd,63,established,1-3mo,medium,7491.340971229101,17,2
U104937,ussd,2,cold_start,new,small,1803.5702023911545,21,3
U104938,app,214,established,established,small,1940.66257773161,21,4
U104939,ussd,667,established,established,medium,11205.292774759075,17,2
U104940,app,127,established,established,medium,16105.047056888727,17,4
U104941,app,11,cold_start,new,medium,11560.88145559782,14,2
U104942,app,3,cold_start,new,medium,16089.77139336406,17,3
U104943,ussd,875,established,established,small,4464.4615185807925,21,2
U104944,app,60,established,1-3mo,small,1830.8670252272436,9,2
U104945,ussd,6,cold_start,new,medium,11531.81735739146,9,3
U104946,ussd,92,established,established,small,1759.7754975852033,14,5
U104947,ussd,417,established,established,small,4108.812016212797,10,3
U104948,app,808,established,established,small,1802.0807599031925,12,2
U104949,ussd,384,established,established,small,2571.4360283700325,21,3
U104950,app,13,cold_start,new,small,3376.0483916044905,14,5
U104951,app,479,established,established,small,4753.106375887801,21,5
U104952,app,333,established,established,medium,5729.172928613586,17,4
U104953,app,695,established,established,small,3547.9696114193457,19,4
U104954,ussd,624,established,established,medium,5284.212653066278,21,2
U104955,app,315,established,established,medium,6743.926678463159,21,5
U104956,app,848,established,established,medium,6483.529915061531,14,4
U104957,ussd,270,established,established,medium,7012.270185965807,9,2
U104958,app,81,established,1-3mo,medium,11460.07437167277,21,3
U104959,app,379,established,established,small,3663.0533838510123,12,2
U104960,app,6,cold_start,new,small,3189.425711813283,19,2
U104961,app,77,established,1-3mo,small,4348.051856228157,12,2
U104962,ussd,551,established,established,medium,10782.247810700748,14,6
U104963,app,10,cold_start,new,small,2179.103848328758,21,3
U104964,app,420,established,established,small,1384.6809780760846,12,4
U104965,ussd,386,established,established,medium,17874.417666339945,12,1
U104966,app,463,established,established,medium,7981.454089296657,12,6
U104967,ussd,203,established,established,small,2328.016530826965,9,1
U104968,ussd,395,established,established,small,4422.714452796253,10,7
U104969,app,112,established,established,medium,18127.934814372427,14,2
U104970,app,552,established,established,small,3528.0495951505986,17,4
U104971,app,240,established,established,medium,5397.040240796956,10,7
U104972,app,361,established,established,small,2965.095395118576,19,4
U104973,app,8,cold_start,new,small,571.0530156864589,17,4
U104974,ussd,223,established,established,small,729.4741911201595,14,4
U104975,app,429,established,established,small,3061.4213494335813,17,1
U104976,app,4,cold_start,new,medium,20178.41920799117,10,4
U104977,app,696,established,established,medium,11393.607150649275,19,2
U104978,ussd,342,established,established,medium,8106.082240573601,14,2
U104979,ussd,518,established,established,medium,10477.123042151898,14,5
U104980,app,707,established,established,medium,7787.709856211283,9,1
U104981,ussd,466,established,established,large,32368.717561554808,12,2
U104982,app,571,established,established,medium,5122.130082665618,9,3
U104983,ussd,826,established,established,medium,18472.48527139012,19,4
U104984,ussd,346,established,established,small,4287.510220336611,10,3
U104985,ussd,333,established,established,small,2052.7405027705436,19,1
U104986,app,658,established,established,medium,8541.894097521175,19,4
U104987,app,9,cold_start,new,small,1885.2937234042713,10,2
U104988,ussd,761,established,established,medium,5121.394163950028,17,4
U104989,app,62,established,1-3mo,medium,5442.863959889737,10,2
U104990,app,850,established,established,medium,10673.082182661585,17,4
U104991,ussd,211,established,established,medium,11274.382961411386,12,2
U104992,ussd,553,established,established,small,1023.2782366688989,14,4
U104993,ussd,773,established,established,small,861.3838319244461,19,3
U104994,ussd,556,established,established,small,2123.632802161496,14,1
U104995,ussd,261,established,established,medium,8223.85845976762,9,1
U104996,app,579,established,established,medium,8769.630487175638,21,3
U104997,ussd,507,established,established,small,1834.458689295102,14,3
U104998,ussd,11,cold_start,new,small,3856.0812336418658,17,3
U104999,ussd,730,established,established,small,2483.7032824249945,21,2
